date,category,turnover_millions
1982-04-01,Household goods retailing,653.4
1982-05-01,Household goods retailing,648.7
1982-06-01,Household goods retailing,655.7
1982-07-01,Household goods retailing,660.5
1982-08-01,Household goods retailing,659.8
1982-09-01,Household goods retailing,661.6
1982-10-01,Household goods retailing,649.5
1982-11-01,Household goods retailing,658.1
1982-12-01,Household goods retailing,670.3
1983-01-01,Household goods retailing,703.2
1983-02-01,Household goods retailing,712.4
1983-03-01,Household goods retailing,728.2
1983-04-01,Household goods retailing,722.3
1983-05-01,Household goods retailing,710.0
1983-06-01,Household goods retailing,713.9
1983-07-01,Household goods retailing,706.1
1983-08-01,Household goods retailing,733.8
1983-09-01,Household goods retailing,727.2
1983-10-01,Household goods retailing,739.9
1983-11-01,Household goods retailing,744.2
1983-12-01,Household goods retailing,750.3
1984-01-01,Household goods retailing,771.5
1984-02-01,Household goods retailing,768.7
1984-03-01,Household goods retailing,773.5
1984-04-01,Household goods retailing,734.4
1984-05-01,Household goods retailing,741.7
1984-06-01,Household goods retailing,731.3
1984-07-01,Household goods retailing,763.3
1984-08-01,Household goods retailing,750.3
1984-09-01,Household goods retailing,751.7
1984-10-01,Household goods retailing,762.7
1984-11-01,Household goods retailing,775.7
1984-12-01,Household goods retailing,778.3
1985-01-01,Household goods retailing,764.1
1985-02-01,Household goods retailing,766.4
1985-03-01,Household goods retailing,793.2
1985-04-01,Household goods retailing,813.9
1985-05-01,Household goods retailing,831.3
1985-06-01,Household goods retailing,829.8
1985-07-01,Household goods retailing,834.2
1985-08-01,Household goods retailing,832.4
1985-09-01,Household goods retailing,851.6
1985-10-01,Household goods retailing,864.4
1985-11-01,Household goods retailing,890.5
1985-12-01,Household goods retailing,895.3
1986-01-01,Household goods retailing,870.5
1986-02-01,Household goods retailing,874.8
1986-03-01,Household goods retailing,862.4
1986-04-01,Household goods retailing,897.9
1986-05-01,Household goods retailing,918.2
1986-06-01,Household goods retailing,922.9
1986-07-01,Household goods retailing,907.5
1986-08-01,Household goods retailing,945.8
1986-09-01,Household goods retailing,918.0
1986-10-01,Household goods retailing,918.4
1986-11-01,Household goods retailing,920.1
1986-12-01,Household goods retailing,917.2
1987-01-01,Household goods retailing,928.9
1987-02-01,Household goods retailing,930.8
1987-03-01,Household goods retailing,939.2
1987-04-01,Household goods retailing,936.9
1987-05-01,Household goods retailing,945.1
1987-06-01,Household goods retailing,951.4
1987-07-01,Household goods retailing,976.6
1987-08-01,Household goods retailing,998.6
1987-09-01,Household goods retailing,1008.0
1987-10-01,Household goods retailing,1032.5
1987-11-01,Household goods retailing,1030.8
1987-12-01,Household goods retailing,1032.7
1988-01-01,Household goods retailing,1032.4
1988-02-01,Household goods retailing,1065.6
1988-03-01,Household goods retailing,1071.4
1988-04-01,Household goods retailing,1062.2
1988-05-01,Household goods retailing,1102.0
1988-06-01,Household goods retailing,1110.4
1988-07-01,Household goods retailing,1100.3
1988-08-01,Household goods retailing,1103.5
1988-09-01,Household goods retailing,1083.6
1988-10-01,Household goods retailing,1099.2
1988-11-01,Household goods retailing,1124.2
1988-12-01,Household goods retailing,1155.4
1989-01-01,Household goods retailing,1197.5
1989-02-01,Household goods retailing,1161.6
1989-03-01,Household goods retailing,1177.0
1989-04-01,Household goods retailing,1199.9
1989-05-01,Household goods retailing,1203.3
1989-06-01,Household goods retailing,1205.1
1989-07-01,Household goods retailing,1201.8
1989-08-01,Household goods retailing,1191.0
1989-09-01,Household goods retailing,1227.6
1989-10-01,Household goods retailing,1222.7
1989-11-01,Household goods retailing,1252.8
1989-12-01,Household goods retailing,1208.0
1990-01-01,Household goods retailing,1192.5
1990-02-01,Household goods retailing,1191.9
1990-03-01,Household goods retailing,1195.0
1990-04-01,Household goods retailing,1210.8
1990-05-01,Household goods retailing,1214.0
1990-06-01,Household goods retailing,1214.3
1990-07-01,Household goods retailing,1197.4
1990-08-01,Household goods retailing,1200.5
1990-09-01,Household goods retailing,1196.2
1990-10-01,Household goods retailing,1179.9
1990-11-01,Household goods retailing,1186.4
1990-12-01,Household goods retailing,1195.1
1991-01-01,Household goods retailing,1204.8
1991-02-01,Household goods retailing,1241.7
1991-03-01,Household goods retailing,1219.9
1991-04-01,Household goods retailing,1222.0
1991-05-01,Household goods retailing,1198.3
1991-06-01,Household goods retailing,1200.7
1991-07-01,Household goods retailing,1246.1
1991-08-01,Household goods retailing,1263.5
1991-09-01,Household goods retailing,1241.7
1991-10-01,Household goods retailing,1270.8
1991-11-01,Household goods retailing,1252.2
1991-12-01,Household goods retailing,1215.9
1992-01-01,Household goods retailing,1239.2
1992-02-01,Household goods retailing,1251.9
1992-03-01,Household goods retailing,1273.4
1992-04-01,Household goods retailing,1302.5
1992-05-01,Household goods retailing,1267.1
1992-06-01,Household goods retailing,1263.2
1992-07-01,Household goods retailing,1293.6
1992-08-01,Household goods retailing,1265.7
1992-09-01,Household goods retailing,1301.6
1992-10-01,Household goods retailing,1334.8
1992-11-01,Household goods retailing,1324.1
1992-12-01,Household goods retailing,1307.8
1993-01-01,Household goods retailing,1363.3
1993-02-01,Household goods retailing,1345.8
1993-03-01,Household goods retailing,1383.2
1993-04-01,Household goods retailing,1375.6
1993-05-01,Household goods retailing,1376.5
1993-06-01,Household goods retailing,1364.4
1993-07-01,Household goods retailing,1376.6
1993-08-01,Household goods retailing,1377.6
1993-09-01,Household goods retailing,1406.4
1993-10-01,Household goods retailing,1421.4
1993-11-01,Household goods retailing,1447.2
1993-12-01,Household goods retailing,1443.5
1994-01-01,Household goods retailing,1449.5
1994-02-01,Household goods retailing,1497.1
1994-03-01,Household goods retailing,1464.6
1994-04-01,Household goods retailing,1475.0
1994-05-01,Household goods retailing,1497.9
1994-06-01,Household goods retailing,1504.8
1994-07-01,Household goods retailing,1485.7
1994-08-01,Household goods retailing,1551.1
1994-09-01,Household goods retailing,1515.4
1994-10-01,Household goods retailing,1503.2
1994-11-01,Household goods retailing,1521.9
1994-12-01,Household goods retailing,1501.3
1995-01-01,Household goods retailing,1535.8
1995-02-01,Household goods retailing,1552.9
1995-03-01,Household goods retailing,1562.2
1995-04-01,Household goods retailing,1581.7
1995-05-01,Household goods retailing,1595.7
1995-06-01,Household goods retailing,1646.7
1995-07-01,Household goods retailing,1614.6
1995-08-01,Household goods retailing,1606.2
1995-09-01,Household goods retailing,1633.7
1995-10-01,Household goods retailing,1616.2
1995-11-01,Household goods retailing,1606.4
1995-12-01,Household goods retailing,1639.6
1996-01-01,Household goods retailing,1616.0
1996-02-01,Household goods retailing,1621.8
1996-03-01,Household goods retailing,1643.2
1996-04-01,Household goods retailing,1645.8
1996-05-01,Household goods retailing,1655.6
1996-06-01,Household goods retailing,1693.0
1996-07-01,Household goods retailing,1735.1
1996-08-01,Household goods retailing,1717.5
1996-09-01,Household goods retailing,1666.0
1996-10-01,Household goods retailing,1705.6
1996-11-01,Household goods retailing,1701.9
1996-12-01,Household goods retailing,1717.3
1997-01-01,Household goods retailing,1699.8
1997-02-01,Household goods retailing,1782.6
1997-03-01,Household goods retailing,1739.0
1997-04-01,Household goods retailing,1709.3
1997-05-01,Household goods retailing,1742.7
1997-06-01,Household goods retailing,1736.2
1997-07-01,Household goods retailing,1736.3
1997-08-01,Household goods retailing,1732.5
1997-09-01,Household goods retailing,1739.9
1997-10-01,Household goods retailing,1755.0
1997-11-01,Household goods retailing,1777.1
1997-12-01,Household goods retailing,1790.7
1998-01-01,Household goods retailing,1742.6
1998-02-01,Household goods retailing,1730.5
1998-03-01,Household goods retailing,1739.5
1998-04-01,Household goods retailing,1747.1
1998-05-01,Household goods retailing,1726.8
1998-06-01,Household goods retailing,1726.7
1998-07-01,Household goods retailing,1717.7
1998-08-01,Household goods retailing,1730.1
1998-09-01,Household goods retailing,1733.5
1998-10-01,Household goods retailing,1735.5
1998-11-01,Household goods retailing,1705.9
1998-12-01,Household goods retailing,1739.6
1999-01-01,Household goods retailing,1798.1
1999-02-01,Household goods retailing,1805.0
1999-03-01,Household goods retailing,1780.8
1999-04-01,Household goods retailing,1844.7
1999-05-01,Household goods retailing,1843.5
1999-06-01,Household goods retailing,1836.5
1999-07-01,Household goods retailing,1849.5
1999-08-01,Household goods retailing,1899.0
1999-09-01,Household goods retailing,1946.1
1999-10-01,Household goods retailing,1950.8
1999-11-01,Household goods retailing,1933.8
1999-12-01,Household goods retailing,1917.1
2000-01-01,Household goods retailing,1966.2
2000-02-01,Household goods retailing,1977.1
2000-03-01,Household goods retailing,1987.1
2000-04-01,Household goods retailing,1957.2
2000-05-01,Household goods retailing,2058.6
2000-06-01,Household goods retailing,2393.9
2000-07-01,Household goods retailing,1946.7
2000-08-01,Household goods retailing,2062.9
2000-09-01,Household goods retailing,2063.4
2000-10-01,Household goods retailing,2051.9
2000-11-01,Household goods retailing,2095.2
2000-12-01,Household goods retailing,2103.0
2001-01-01,Household goods retailing,2112.9
2001-02-01,Household goods retailing,2140.6
2001-03-01,Household goods retailing,2148.6
2001-04-01,Household goods retailing,2188.4
2001-05-01,Household goods retailing,2202.2
2001-06-01,Household goods retailing,2263.8
2001-07-01,Household goods retailing,2280.6
2001-08-01,Household goods retailing,2293.2
2001-09-01,Household goods retailing,2273.4
2001-10-01,Household goods retailing,2330.2
2001-11-01,Household goods retailing,2349.3
2001-12-01,Household goods retailing,2388.7
2002-01-01,Household goods retailing,2454.1
2002-02-01,Household goods retailing,2416.1
2002-03-01,Household goods retailing,2445.8
2002-04-01,Household goods retailing,2525.0
2002-05-01,Household goods retailing,2568.5
2002-06-01,Household goods retailing,2566.8
2002-07-01,Household goods retailing,2521.0
2002-08-01,Household goods retailing,2546.3
2002-09-01,Household goods retailing,2547.0
2002-10-01,Household goods retailing,2544.1
2002-11-01,Household goods retailing,2575.9
2002-12-01,Household goods retailing,2569.8
2003-01-01,Household goods retailing,2534.2
2003-02-01,Household goods retailing,2546.2
2003-03-01,Household goods retailing,2574.9
2003-04-01,Household goods retailing,2606.8
2003-05-01,Household goods retailing,2643.8
2003-06-01,Household goods retailing,2678.5
2003-07-01,Household goods retailing,2730.0
2003-08-01,Household goods retailing,2737.2
2003-09-01,Household goods retailing,2781.7
2003-10-01,Household goods retailing,2784.2
2003-11-01,Household goods retailing,2785.7
2003-12-01,Household goods retailing,2781.5
2004-01-01,Household goods retailing,2831.7
2004-02-01,Household goods retailing,2826.2
2004-03-01,Household goods retailing,2891.4
2004-04-01,Household goods retailing,2820.8
2004-05-01,Household goods retailing,2827.3
2004-06-01,Household goods retailing,2855.5
2004-07-01,Household goods retailing,2885.4
2004-08-01,Household goods retailing,2875.6
2004-09-01,Household goods retailing,2923.6
2004-10-01,Household goods retailing,2971.0
2004-11-01,Household goods retailing,2976.2
2004-12-01,Household goods retailing,2941.1
2005-01-01,Household goods retailing,2996.1
2005-02-01,Household goods retailing,3001.4
2005-03-01,Household goods retailing,2998.5
2005-04-01,Household goods retailing,2994.7
2005-05-01,Household goods retailing,3030.2
2005-06-01,Household goods retailing,3031.9
2005-07-01,Household goods retailing,3022.5
2005-08-01,Household goods retailing,3053.8
2005-09-01,Household goods retailing,3027.1
2005-10-01,Household goods retailing,3013.9
2005-11-01,Household goods retailing,3044.6
2005-12-01,Household goods retailing,3081.9
2006-01-01,Household goods retailing,3061.3
2006-02-01,Household goods retailing,3089.7
2006-03-01,Household goods retailing,3111.2
2006-04-01,Household goods retailing,3125.2
2006-05-01,Household goods retailing,3186.3
2006-06-01,Household goods retailing,3179.9
2006-07-01,Household goods retailing,3220.9
2006-08-01,Household goods retailing,3200.3
2006-09-01,Household goods retailing,3261.7
2006-10-01,Household goods retailing,3256.8
2006-11-01,Household goods retailing,3284.0
2006-12-01,Household goods retailing,3254.9
2007-01-01,Household goods retailing,3347.9
2007-02-01,Household goods retailing,3414.0
2007-03-01,Household goods retailing,3444.9
2007-04-01,Household goods retailing,3379.8
2007-05-01,Household goods retailing,3398.3
2007-06-01,Household goods retailing,3419.2
2007-07-01,Household goods retailing,3432.2
2007-08-01,Household goods retailing,3475.2
2007-09-01,Household goods retailing,3545.7
2007-10-01,Household goods retailing,3494.2
2007-11-01,Household goods retailing,3530.0
2007-12-01,Household goods retailing,3550.4
2008-01-01,Household goods retailing,3531.5
2008-02-01,Household goods retailing,3498.4
2008-03-01,Household goods retailing,3521.8
2008-04-01,Household goods retailing,3507.4
2008-05-01,Household goods retailing,3503.4
2008-06-01,Household goods retailing,3502.0
2008-07-01,Household goods retailing,3493.8
2008-08-01,Household goods retailing,3458.3
2008-09-01,Household goods retailing,3406.9
2008-10-01,Household goods retailing,3431.6
2008-11-01,Household goods retailing,3388.7
2008-12-01,Household goods retailing,3676.6
2009-01-01,Household goods retailing,3548.3
2009-02-01,Household goods retailing,3455.4
2009-03-01,Household goods retailing,3522.3
2009-04-01,Household goods retailing,3564.0
2009-05-01,Household goods retailing,3560.8
2009-06-01,Household goods retailing,3645.2
2009-07-01,Household goods retailing,3529.2
2009-08-01,Household goods retailing,3526.5
2009-09-01,Household goods retailing,3476.0
2009-10-01,Household goods retailing,3514.7
2009-11-01,Household goods retailing,3585.3
2009-12-01,Household goods retailing,3533.1
2010-01-01,Household goods retailing,3568.5
2010-02-01,Household goods retailing,3556.9
2010-03-01,Household goods retailing,3501.0
2010-04-01,Household goods retailing,3607.4
2010-05-01,Household goods retailing,3571.5
2010-06-01,Household goods retailing,3617.9
2010-07-01,Household goods retailing,3538.2
2010-08-01,Household goods retailing,3538.3
2010-09-01,Household goods retailing,3542.2
2010-10-01,Household goods retailing,3582.3
2010-11-01,Household goods retailing,3597.0
2010-12-01,Household goods retailing,3645.1
2011-01-01,Household goods retailing,3496.0
2011-02-01,Household goods retailing,3571.7
2011-03-01,Household goods retailing,3565.1
2011-04-01,Household goods retailing,3617.0
2011-05-01,Household goods retailing,3594.7
2011-06-01,Household goods retailing,3567.2
2011-07-01,Household goods retailing,3537.6
2011-08-01,Household goods retailing,3627.5
2011-09-01,Household goods retailing,3650.6
2011-10-01,Household goods retailing,3675.4
2011-11-01,Household goods retailing,3675.2
2011-12-01,Household goods retailing,3668.8
2012-01-01,Household goods retailing,3557.0
2012-02-01,Household goods retailing,3549.6
2012-03-01,Household goods retailing,3590.6
2012-04-01,Household goods retailing,3581.1
2012-05-01,Household goods retailing,3623.3
2012-06-01,Household goods retailing,3617.2
2012-07-01,Household goods retailing,3679.5
2012-08-01,Household goods retailing,3653.8
2012-09-01,Household goods retailing,3704.3
2012-10-01,Household goods retailing,3617.8
2012-11-01,Household goods retailing,3582.7
2012-12-01,Household goods retailing,3634.8
2013-01-01,Household goods retailing,3668.3
2013-02-01,Household goods retailing,3706.8
2013-03-01,Household goods retailing,3667.1
2013-04-01,Household goods retailing,3653.0
2013-05-01,Household goods retailing,3667.9
2013-06-01,Household goods retailing,3661.0
2013-07-01,Household goods retailing,3729.9
2013-08-01,Household goods retailing,3742.7
2013-09-01,Household goods retailing,3708.6
2013-10-01,Household goods retailing,3689.2
2013-11-01,Household goods retailing,3734.7
2013-12-01,Household goods retailing,3785.8
2014-01-01,Household goods retailing,3822.4
2014-02-01,Household goods retailing,3872.8
2014-03-01,Household goods retailing,3882.9
2014-04-01,Household goods retailing,3872.6
2014-05-01,Household goods retailing,3859.4
2014-06-01,Household goods retailing,3920.0
2014-07-01,Household goods retailing,3935.9
2014-08-01,Household goods retailing,3923.2
2014-09-01,Household goods retailing,4081.2
2014-10-01,Household goods retailing,4115.5
2014-11-01,Household goods retailing,4139.4
2014-12-01,Household goods retailing,4117.9
2015-01-01,Household goods retailing,4150.8
2015-02-01,Household goods retailing,4227.3
2015-03-01,Household goods retailing,4188.9
2015-04-01,Household goods retailing,4197.6
2015-05-01,Household goods retailing,4230.8
2015-06-01,Household goods retailing,4301.5
2015-07-01,Household goods retailing,4282.2
2015-08-01,Household goods retailing,4325.2
2015-09-01,Household goods retailing,4345.9
2015-10-01,Household goods retailing,4366.2
2015-11-01,Household goods retailing,4387.2
2015-12-01,Household goods retailing,4400.9
2016-01-01,Household goods retailing,4400.3
2016-02-01,Household goods retailing,4399.0
2016-03-01,Household goods retailing,4443.8
2016-04-01,Household goods retailing,4417.5
2016-05-01,Household goods retailing,4335.3
2016-06-01,Household goods retailing,4357.4
2016-07-01,Household goods retailing,4342.7
2016-08-01,Household goods retailing,4398.1
2016-09-01,Household goods retailing,4510.0
2016-10-01,Household goods retailing,4540.0
2016-11-01,Household goods retailing,4513.1
2016-12-01,Household goods retailing,4442.0
2017-01-01,Household goods retailing,4500.6
2017-02-01,Household goods retailing,4452.2
2017-03-01,Household goods retailing,4442.4
2017-04-01,Household goods retailing,4481.6
2017-05-01,Household goods retailing,4545.1
2017-06-01,Household goods retailing,4591.8
2017-07-01,Household goods retailing,4533.9
2017-08-01,Household goods retailing,4495.5
2017-09-01,Household goods retailing,4456.0
2017-10-01,Household goods retailing,4452.5
2017-11-01,Household goods retailing,4598.4
2017-12-01,Household goods retailing,4583.2
2018-01-01,Household goods retailing,4580.6
2018-02-01,Household goods retailing,4588.2
2018-03-01,Household goods retailing,4568.2
2018-04-01,Household goods retailing,4611.7
2018-05-01,Household goods retailing,4596.7
2018-06-01,Household goods retailing,4604.8
2018-07-01,Household goods retailing,4562.0
2018-08-01,Household goods retailing,4587.5
2018-09-01,Household goods retailing,4597.0
2018-10-01,Household goods retailing,4644.3
2018-11-01,Household goods retailing,4587.1
2018-12-01,Household goods retailing,4573.4
2019-01-01,Household goods retailing,4589.7
2019-02-01,Household goods retailing,4578.4
2019-03-01,Household goods retailing,4565.2
2019-04-01,Household goods retailing,4517.6
2019-05-01,Household goods retailing,4564.1
2019-06-01,Household goods retailing,4581.7
2019-07-01,Household goods retailing,4607.0
2019-08-01,Household goods retailing,4617.2
2019-09-01,Household goods retailing,4625.5
2019-10-01,Household goods retailing,4646.7
2019-11-01,Household goods retailing,4650.3
2019-12-01,Household goods retailing,4680.9
2020-01-01,Household goods retailing,4653.5
2020-02-01,Household goods retailing,4640.2
2020-03-01,Household goods retailing,5003.7
2020-04-01,Household goods retailing,5057.5
2020-05-01,Household goods retailing,5863.5
2020-06-01,Household goods retailing,5676.3
2020-07-01,Household goods retailing,6002.1
2020-08-01,Household goods retailing,5589.3
2020-09-01,Household goods retailing,5366.4
2020-10-01,Household goods retailing,5376.9
2020-11-01,Household goods retailing,5912.4
2020-12-01,Household goods retailing,5546.1
2021-01-01,Household goods retailing,5577.3
2021-02-01,Household goods retailing,5541.1
2021-03-01,Household goods retailing,5515.5
2021-04-01,Household goods retailing,5623.7
2021-05-01,Household goods retailing,5537.5
2021-06-01,Household goods retailing,5492.4
2021-07-01,Household goods retailing,5417.2
2021-08-01,Household goods retailing,5257.2
2021-09-01,Household goods retailing,5472.6
2021-10-01,Household goods retailing,5725.6
2021-11-01,Household goods retailing,6264.4
2021-12-01,Household goods retailing,5844.2
2022-01-01,Household goods retailing,5917.1
2022-02-01,Household goods retailing,5991.5
2022-03-01,Household goods retailing,6167.1
2022-04-01,Household goods retailing,6064.4
2022-05-01,Household goods retailing,6034.5
2022-06-01,Household goods retailing,5998.2
2022-07-01,Household goods retailing,6013.1
2022-08-01,Household goods retailing,6117.9
2022-09-01,Household goods retailing,6062.5
2022-10-01,Household goods retailing,6025.5
2022-11-01,Household goods retailing,5921.7
2022-12-01,Household goods retailing,5928.5
2023-01-01,Household goods retailing,5872.6
2023-02-01,Household goods retailing,5864.8
2023-03-01,Household goods retailing,5837.5
2023-04-01,Household goods retailing,5791.0
2023-05-01,Household goods retailing,5766.5
2023-06-01,Household goods retailing,5735.1
2023-07-01,Household goods retailing,5733.7
2023-08-01,Household goods retailing,5732.8
2023-09-01,Household goods retailing,5830.9
2023-10-01,Household goods retailing,5746.3
2023-11-01,Household goods retailing,5919.7
2023-12-01,Household goods retailing,5744.5
2024-01-01,Household goods retailing,5757.8
2024-02-01,Household goods retailing,5731.5
2024-03-01,Household goods retailing,5677.1
2024-04-01,Household goods retailing,5722.7
2024-05-01,Household goods retailing,5799.8
2024-06-01,Household goods retailing,5803.4
2024-07-01,Household goods retailing,5815.7
2024-08-01,Household goods retailing,5797.2
2024-09-01,Household goods retailing,5849.3
2024-10-01,Household goods retailing,5941.9
2024-11-01,Household goods retailing,5981.1
2024-12-01,Household goods retailing,6160.3
2025-01-01,Household goods retailing,5910.6
2025-02-01,Household goods retailing,5894.9
2025-03-01,Household goods retailing,5902.2
2025-04-01,Household goods retailing,5953.7
2025-05-01,Household goods retailing,5990.7
2025-06-01,Household goods retailing,6129.0
1982-04-01,"Clothing, footwear and personal accessory retailing",360.6
1982-05-01,"Clothing, footwear and personal accessory retailing",362.5
1982-06-01,"Clothing, footwear and personal accessory retailing",365.1
1982-07-01,"Clothing, footwear and personal accessory retailing",361.9
1982-08-01,"Clothing, footwear and personal accessory retailing",359.2
1982-09-01,"Clothing, footwear and personal accessory retailing",363.8
1982-10-01,"Clothing, footwear and personal accessory retailing",359.0
1982-11-01,"Clothing, footwear and personal accessory retailing",375.0
1982-12-01,"Clothing, footwear and personal accessory retailing",375.8
1983-01-01,"Clothing, footwear and personal accessory retailing",386.2
1983-02-01,"Clothing, footwear and personal accessory retailing",379.1
1983-03-01,"Clothing, footwear and personal accessory retailing",395.2
1983-04-01,"Clothing, footwear and personal accessory retailing",423.9
1983-05-01,"Clothing, footwear and personal accessory retailing",390.3
1983-06-01,"Clothing, footwear and personal accessory retailing",396.2
1983-07-01,"Clothing, footwear and personal accessory retailing",402.0
1983-08-01,"Clothing, footwear and personal accessory retailing",406.3
1983-09-01,"Clothing, footwear and personal accessory retailing",418.2
1983-10-01,"Clothing, footwear and personal accessory retailing",406.2
1983-11-01,"Clothing, footwear and personal accessory retailing",399.1
1983-12-01,"Clothing, footwear and personal accessory retailing",413.5
1984-01-01,"Clothing, footwear and personal accessory retailing",421.1
1984-02-01,"Clothing, footwear and personal accessory retailing",421.4
1984-03-01,"Clothing, footwear and personal accessory retailing",444.0
1984-04-01,"Clothing, footwear and personal accessory retailing",430.9
1984-05-01,"Clothing, footwear and personal accessory retailing",431.6
1984-06-01,"Clothing, footwear and personal accessory retailing",419.1
1984-07-01,"Clothing, footwear and personal accessory retailing",434.4
1984-08-01,"Clothing, footwear and personal accessory retailing",434.1
1984-09-01,"Clothing, footwear and personal accessory retailing",429.0
1984-10-01,"Clothing, footwear and personal accessory retailing",440.0
1984-11-01,"Clothing, footwear and personal accessory retailing",442.9
1984-12-01,"Clothing, footwear and personal accessory retailing",441.2
1985-01-01,"Clothing, footwear and personal accessory retailing",455.0
1985-02-01,"Clothing, footwear and personal accessory retailing",466.5
1985-03-01,"Clothing, footwear and personal accessory retailing",459.6
1985-04-01,"Clothing, footwear and personal accessory retailing",467.3
1985-05-01,"Clothing, footwear and personal accessory retailing",481.0
1985-06-01,"Clothing, footwear and personal accessory retailing",487.8
1985-07-01,"Clothing, footwear and personal accessory retailing",486.0
1985-08-01,"Clothing, footwear and personal accessory retailing",493.5
1985-09-01,"Clothing, footwear and personal accessory retailing",490.0
1985-10-01,"Clothing, footwear and personal accessory retailing",509.2
1985-11-01,"Clothing, footwear and personal accessory retailing",519.3
1985-12-01,"Clothing, footwear and personal accessory retailing",515.4
1986-01-01,"Clothing, footwear and personal accessory retailing",498.5
1986-02-01,"Clothing, footwear and personal accessory retailing",505.6
1986-03-01,"Clothing, footwear and personal accessory retailing",479.8
1986-04-01,"Clothing, footwear and personal accessory retailing",511.1
1986-05-01,"Clothing, footwear and personal accessory retailing",533.9
1986-06-01,"Clothing, footwear and personal accessory retailing",518.0
1986-07-01,"Clothing, footwear and personal accessory retailing",511.9
1986-08-01,"Clothing, footwear and personal accessory retailing",531.1
1986-09-01,"Clothing, footwear and personal accessory retailing",523.0
1986-10-01,"Clothing, footwear and personal accessory retailing",522.2
1986-11-01,"Clothing, footwear and personal accessory retailing",530.1
1986-12-01,"Clothing, footwear and personal accessory retailing",536.1
1987-01-01,"Clothing, footwear and personal accessory retailing",518.6
1987-02-01,"Clothing, footwear and personal accessory retailing",528.3
1987-03-01,"Clothing, footwear and personal accessory retailing",538.4
1987-04-01,"Clothing, footwear and personal accessory retailing",539.4
1987-05-01,"Clothing, footwear and personal accessory retailing",552.5
1987-06-01,"Clothing, footwear and personal accessory retailing",551.3
1987-07-01,"Clothing, footwear and personal accessory retailing",575.0
1987-08-01,"Clothing, footwear and personal accessory retailing",574.8
1987-09-01,"Clothing, footwear and personal accessory retailing",586.0
1987-10-01,"Clothing, footwear and personal accessory retailing",577.4
1987-11-01,"Clothing, footwear and personal accessory retailing",569.1
1987-12-01,"Clothing, footwear and personal accessory retailing",570.7
1988-01-01,"Clothing, footwear and personal accessory retailing",559.0
1988-02-01,"Clothing, footwear and personal accessory retailing",612.6
1988-03-01,"Clothing, footwear and personal accessory retailing",592.4
1988-04-01,"Clothing, footwear and personal accessory retailing",588.5
1988-05-01,"Clothing, footwear and personal accessory retailing",596.4
1988-06-01,"Clothing, footwear and personal accessory retailing",608.0
1988-07-01,"Clothing, footwear and personal accessory retailing",611.1
1988-08-01,"Clothing, footwear and personal accessory retailing",624.9
1988-09-01,"Clothing, footwear and personal accessory retailing",653.0
1988-10-01,"Clothing, footwear and personal accessory retailing",652.9
1988-11-01,"Clothing, footwear and personal accessory retailing",633.7
1988-12-01,"Clothing, footwear and personal accessory retailing",637.1
1989-01-01,"Clothing, footwear and personal accessory retailing",684.3
1989-02-01,"Clothing, footwear and personal accessory retailing",652.4
1989-03-01,"Clothing, footwear and personal accessory retailing",651.7
1989-04-01,"Clothing, footwear and personal accessory retailing",655.5
1989-05-01,"Clothing, footwear and personal accessory retailing",641.5
1989-06-01,"Clothing, footwear and personal accessory retailing",663.1
1989-07-01,"Clothing, footwear and personal accessory retailing",658.1
1989-08-01,"Clothing, footwear and personal accessory retailing",646.5
1989-09-01,"Clothing, footwear and personal accessory retailing",659.7
1989-10-01,"Clothing, footwear and personal accessory retailing",653.5
1989-11-01,"Clothing, footwear and personal accessory retailing",667.8
1989-12-01,"Clothing, footwear and personal accessory retailing",660.8
1990-01-01,"Clothing, footwear and personal accessory retailing",665.5
1990-02-01,"Clothing, footwear and personal accessory retailing",649.7
1990-03-01,"Clothing, footwear and personal accessory retailing",659.6
1990-04-01,"Clothing, footwear and personal accessory retailing",667.8
1990-05-01,"Clothing, footwear and personal accessory retailing",669.2
1990-06-01,"Clothing, footwear and personal accessory retailing",674.1
1990-07-01,"Clothing, footwear and personal accessory retailing",673.8
1990-08-01,"Clothing, footwear and personal accessory retailing",680.7
1990-09-01,"Clothing, footwear and personal accessory retailing",680.7
1990-10-01,"Clothing, footwear and personal accessory retailing",669.2
1990-11-01,"Clothing, footwear and personal accessory retailing",679.2
1990-12-01,"Clothing, footwear and personal accessory retailing",680.9
1991-01-01,"Clothing, footwear and personal accessory retailing",681.7
1991-02-01,"Clothing, footwear and personal accessory retailing",691.4
1991-03-01,"Clothing, footwear and personal accessory retailing",686.5
1991-04-01,"Clothing, footwear and personal accessory retailing",700.1
1991-05-01,"Clothing, footwear and personal accessory retailing",687.3
1991-06-01,"Clothing, footwear and personal accessory retailing",674.7
1991-07-01,"Clothing, footwear and personal accessory retailing",737.7
1991-08-01,"Clothing, footwear and personal accessory retailing",712.1
1991-09-01,"Clothing, footwear and personal accessory retailing",696.6
1991-10-01,"Clothing, footwear and personal accessory retailing",729.4
1991-11-01,"Clothing, footwear and personal accessory retailing",707.7
1991-12-01,"Clothing, footwear and personal accessory retailing",724.8
1992-01-01,"Clothing, footwear and personal accessory retailing",732.9
1992-02-01,"Clothing, footwear and personal accessory retailing",736.4
1992-03-01,"Clothing, footwear and personal accessory retailing",729.1
1992-04-01,"Clothing, footwear and personal accessory retailing",733.0
1992-05-01,"Clothing, footwear and personal accessory retailing",745.8
1992-06-01,"Clothing, footwear and personal accessory retailing",733.7
1992-07-01,"Clothing, footwear and personal accessory retailing",735.2
1992-08-01,"Clothing, footwear and personal accessory retailing",704.1
1992-09-01,"Clothing, footwear and personal accessory retailing",703.6
1992-10-01,"Clothing, footwear and personal accessory retailing",723.6
1992-11-01,"Clothing, footwear and personal accessory retailing",720.4
1992-12-01,"Clothing, footwear and personal accessory retailing",710.4
1993-01-01,"Clothing, footwear and personal accessory retailing",711.5
1993-02-01,"Clothing, footwear and personal accessory retailing",707.2
1993-03-01,"Clothing, footwear and personal accessory retailing",702.1
1993-04-01,"Clothing, footwear and personal accessory retailing",677.6
1993-05-01,"Clothing, footwear and personal accessory retailing",709.4
1993-06-01,"Clothing, footwear and personal accessory retailing",722.5
1993-07-01,"Clothing, footwear and personal accessory retailing",711.6
1993-08-01,"Clothing, footwear and personal accessory retailing",707.2
1993-09-01,"Clothing, footwear and personal accessory retailing",705.4
1993-10-01,"Clothing, footwear and personal accessory retailing",699.5
1993-11-01,"Clothing, footwear and personal accessory retailing",722.0
1993-12-01,"Clothing, footwear and personal accessory retailing",731.1
1994-01-01,"Clothing, footwear and personal accessory retailing",713.4
1994-02-01,"Clothing, footwear and personal accessory retailing",718.2
1994-03-01,"Clothing, footwear and personal accessory retailing",735.8
1994-04-01,"Clothing, footwear and personal accessory retailing",735.2
1994-05-01,"Clothing, footwear and personal accessory retailing",720.6
1994-06-01,"Clothing, footwear and personal accessory retailing",703.8
1994-07-01,"Clothing, footwear and personal accessory retailing",710.0
1994-08-01,"Clothing, footwear and personal accessory retailing",736.8
1994-09-01,"Clothing, footwear and personal accessory retailing",747.5
1994-10-01,"Clothing, footwear and personal accessory retailing",750.6
1994-11-01,"Clothing, footwear and personal accessory retailing",744.1
1994-12-01,"Clothing, footwear and personal accessory retailing",731.0
1995-01-01,"Clothing, footwear and personal accessory retailing",750.1
1995-02-01,"Clothing, footwear and personal accessory retailing",763.1
1995-03-01,"Clothing, footwear and personal accessory retailing",760.6
1995-04-01,"Clothing, footwear and personal accessory retailing",787.9
1995-05-01,"Clothing, footwear and personal accessory retailing",748.2
1995-06-01,"Clothing, footwear and personal accessory retailing",774.5
1995-07-01,"Clothing, footwear and personal accessory retailing",761.6
1995-08-01,"Clothing, footwear and personal accessory retailing",776.2
1995-09-01,"Clothing, footwear and personal accessory retailing",781.2
1995-10-01,"Clothing, footwear and personal accessory retailing",772.3
1995-11-01,"Clothing, footwear and personal accessory retailing",776.9
1995-12-01,"Clothing, footwear and personal accessory retailing",788.9
1996-01-01,"Clothing, footwear and personal accessory retailing",792.5
1996-02-01,"Clothing, footwear and personal accessory retailing",786.5
1996-03-01,"Clothing, footwear and personal accessory retailing",789.5
1996-04-01,"Clothing, footwear and personal accessory retailing",789.4
1996-05-01,"Clothing, footwear and personal accessory retailing",778.5
1996-06-01,"Clothing, footwear and personal accessory retailing",791.0
1996-07-01,"Clothing, footwear and personal accessory retailing",803.7
1996-08-01,"Clothing, footwear and personal accessory retailing",793.5
1996-09-01,"Clothing, footwear and personal accessory retailing",785.7
1996-10-01,"Clothing, footwear and personal accessory retailing",787.7
1996-11-01,"Clothing, footwear and personal accessory retailing",774.2
1996-12-01,"Clothing, footwear and personal accessory retailing",788.7
1997-01-01,"Clothing, footwear and personal accessory retailing",802.6
1997-02-01,"Clothing, footwear and personal accessory retailing",791.0
1997-03-01,"Clothing, footwear and personal accessory retailing",793.6
1997-04-01,"Clothing, footwear and personal accessory retailing",786.1
1997-05-01,"Clothing, footwear and personal accessory retailing",817.9
1997-06-01,"Clothing, footwear and personal accessory retailing",797.4
1997-07-01,"Clothing, footwear and personal accessory retailing",806.8
1997-08-01,"Clothing, footwear and personal accessory retailing",802.1
1997-09-01,"Clothing, footwear and personal accessory retailing",811.8
1997-10-01,"Clothing, footwear and personal accessory retailing",820.7
1997-11-01,"Clothing, footwear and personal accessory retailing",837.5
1997-12-01,"Clothing, footwear and personal accessory retailing",831.9
1998-01-01,"Clothing, footwear and personal accessory retailing",828.9
1998-02-01,"Clothing, footwear and personal accessory retailing",844.5
1998-03-01,"Clothing, footwear and personal accessory retailing",832.9
1998-04-01,"Clothing, footwear and personal accessory retailing",856.1
1998-05-01,"Clothing, footwear and personal accessory retailing",876.9
1998-06-01,"Clothing, footwear and personal accessory retailing",879.4
1998-07-01,"Clothing, footwear and personal accessory retailing",903.1
1998-08-01,"Clothing, footwear and personal accessory retailing",903.2
1998-09-01,"Clothing, footwear and personal accessory retailing",901.0
1998-10-01,"Clothing, footwear and personal accessory retailing",906.4
1998-11-01,"Clothing, footwear and personal accessory retailing",901.3
1998-12-01,"Clothing, footwear and personal accessory retailing",898.3
1999-01-01,"Clothing, footwear and personal accessory retailing",906.4
1999-02-01,"Clothing, footwear and personal accessory retailing",916.4
1999-03-01,"Clothing, footwear and personal accessory retailing",940.1
1999-04-01,"Clothing, footwear and personal accessory retailing",966.5
1999-05-01,"Clothing, footwear and personal accessory retailing",928.7
1999-06-01,"Clothing, footwear and personal accessory retailing",957.8
1999-07-01,"Clothing, footwear and personal accessory retailing",934.2
1999-08-01,"Clothing, footwear and personal accessory retailing",979.4
1999-09-01,"Clothing, footwear and personal accessory retailing",973.3
1999-10-01,"Clothing, footwear and personal accessory retailing",970.4
1999-11-01,"Clothing, footwear and personal accessory retailing",981.6
1999-12-01,"Clothing, footwear and personal accessory retailing",971.1
2000-01-01,"Clothing, footwear and personal accessory retailing",955.4
2000-02-01,"Clothing, footwear and personal accessory retailing",917.2
2000-03-01,"Clothing, footwear and personal accessory retailing",944.3
2000-04-01,"Clothing, footwear and personal accessory retailing",951.5
2000-05-01,"Clothing, footwear and personal accessory retailing",977.8
2000-06-01,"Clothing, footwear and personal accessory retailing",1147.0
2000-07-01,"Clothing, footwear and personal accessory retailing",852.9
2000-08-01,"Clothing, footwear and personal accessory retailing",924.8
2000-09-01,"Clothing, footwear and personal accessory retailing",1018.5
2000-10-01,"Clothing, footwear and personal accessory retailing",953.5
2000-11-01,"Clothing, footwear and personal accessory retailing",967.8
2000-12-01,"Clothing, footwear and personal accessory retailing",1001.5
2001-01-01,"Clothing, footwear and personal accessory retailing",988.4
2001-02-01,"Clothing, footwear and personal accessory retailing",994.2
2001-03-01,"Clothing, footwear and personal accessory retailing",1014.9
2001-04-01,"Clothing, footwear and personal accessory retailing",1051.0
2001-05-01,"Clothing, footwear and personal accessory retailing",1034.9
2001-06-01,"Clothing, footwear and personal accessory retailing",1026.7
2001-07-01,"Clothing, footwear and personal accessory retailing",1037.9
2001-08-01,"Clothing, footwear and personal accessory retailing",1025.0
2001-09-01,"Clothing, footwear and personal accessory retailing",1030.8
2001-10-01,"Clothing, footwear and personal accessory retailing",1060.9
2001-11-01,"Clothing, footwear and personal accessory retailing",1062.3
2001-12-01,"Clothing, footwear and personal accessory retailing",1089.4
2002-01-01,"Clothing, footwear and personal accessory retailing",1110.3
2002-02-01,"Clothing, footwear and personal accessory retailing",1115.1
2002-03-01,"Clothing, footwear and personal accessory retailing",1112.7
2002-04-01,"Clothing, footwear and personal accessory retailing",1103.7
2002-05-01,"Clothing, footwear and personal accessory retailing",1120.1
2002-06-01,"Clothing, footwear and personal accessory retailing",1077.3
2002-07-01,"Clothing, footwear and personal accessory retailing",1095.1
2002-08-01,"Clothing, footwear and personal accessory retailing",1134.6
2002-09-01,"Clothing, footwear and personal accessory retailing",1135.8
2002-10-01,"Clothing, footwear and personal accessory retailing",1137.0
2002-11-01,"Clothing, footwear and personal accessory retailing",1177.9
2002-12-01,"Clothing, footwear and personal accessory retailing",1170.6
2003-01-01,"Clothing, footwear and personal accessory retailing",1145.4
2003-02-01,"Clothing, footwear and personal accessory retailing",1152.5
2003-03-01,"Clothing, footwear and personal accessory retailing",1167.0
2003-04-01,"Clothing, footwear and personal accessory retailing",1208.5
2003-05-01,"Clothing, footwear and personal accessory retailing",1171.1
2003-06-01,"Clothing, footwear and personal accessory retailing",1184.9
2003-07-01,"Clothing, footwear and personal accessory retailing",1190.3
2003-08-01,"Clothing, footwear and personal accessory retailing",1195.9
2003-09-01,"Clothing, footwear and personal accessory retailing",1209.4
2003-10-01,"Clothing, footwear and personal accessory retailing",1231.8
2003-11-01,"Clothing, footwear and personal accessory retailing",1251.9
2003-12-01,"Clothing, footwear and personal accessory retailing",1251.6
2004-01-01,"Clothing, footwear and personal accessory retailing",1248.7
2004-02-01,"Clothing, footwear and personal accessory retailing",1250.7
2004-03-01,"Clothing, footwear and personal accessory retailing",1227.3
2004-04-01,"Clothing, footwear and personal accessory retailing",1254.4
2004-05-01,"Clothing, footwear and personal accessory retailing",1272.1
2004-06-01,"Clothing, footwear and personal accessory retailing",1300.0
2004-07-01,"Clothing, footwear and personal accessory retailing",1293.8
2004-08-01,"Clothing, footwear and personal accessory retailing",1290.2
2004-09-01,"Clothing, footwear and personal accessory retailing",1308.3
2004-10-01,"Clothing, footwear and personal accessory retailing",1288.4
2004-11-01,"Clothing, footwear and personal accessory retailing",1280.1
2004-12-01,"Clothing, footwear and personal accessory retailing",1294.1
2005-01-01,"Clothing, footwear and personal accessory retailing",1327.2
2005-02-01,"Clothing, footwear and personal accessory retailing",1309.7
2005-03-01,"Clothing, footwear and personal accessory retailing",1322.7
2005-04-01,"Clothing, footwear and personal accessory retailing",1270.1
2005-05-01,"Clothing, footwear and personal accessory retailing",1320.2
2005-06-01,"Clothing, footwear and personal accessory retailing",1342.8
2005-07-01,"Clothing, footwear and personal accessory retailing",1309.8
2005-08-01,"Clothing, footwear and personal accessory retailing",1335.7
2005-09-01,"Clothing, footwear and personal accessory retailing",1344.2
2005-10-01,"Clothing, footwear and personal accessory retailing",1333.2
2005-11-01,"Clothing, footwear and personal accessory retailing",1329.4
2005-12-01,"Clothing, footwear and personal accessory retailing",1321.3
2006-01-01,"Clothing, footwear and personal accessory retailing",1347.7
2006-02-01,"Clothing, footwear and personal accessory retailing",1344.5
2006-03-01,"Clothing, footwear and personal accessory retailing",1344.9
2006-04-01,"Clothing, footwear and personal accessory retailing",1370.3
2006-05-01,"Clothing, footwear and personal accessory retailing",1361.9
2006-06-01,"Clothing, footwear and personal accessory retailing",1378.5
2006-07-01,"Clothing, footwear and personal accessory retailing",1385.3
2006-08-01,"Clothing, footwear and personal accessory retailing",1405.4
2006-09-01,"Clothing, footwear and personal accessory retailing",1419.1
2006-10-01,"Clothing, footwear and personal accessory retailing",1425.4
2006-11-01,"Clothing, footwear and personal accessory retailing",1406.9
2006-12-01,"Clothing, footwear and personal accessory retailing",1412.1
2007-01-01,"Clothing, footwear and personal accessory retailing",1419.9
2007-02-01,"Clothing, footwear and personal accessory retailing",1442.5
2007-03-01,"Clothing, footwear and personal accessory retailing",1465.1
2007-04-01,"Clothing, footwear and personal accessory retailing",1456.1
2007-05-01,"Clothing, footwear and personal accessory retailing",1416.6
2007-06-01,"Clothing, footwear and personal accessory retailing",1503.1
2007-07-01,"Clothing, footwear and personal accessory retailing",1510.6
2007-08-01,"Clothing, footwear and personal accessory retailing",1498.4
2007-09-01,"Clothing, footwear and personal accessory retailing",1498.1
2007-10-01,"Clothing, footwear and personal accessory retailing",1525.0
2007-11-01,"Clothing, footwear and personal accessory retailing",1533.7
2007-12-01,"Clothing, footwear and personal accessory retailing",1519.8
2008-01-01,"Clothing, footwear and personal accessory retailing",1512.1
2008-02-01,"Clothing, footwear and personal accessory retailing",1526.8
2008-03-01,"Clothing, footwear and personal accessory retailing",1503.5
2008-04-01,"Clothing, footwear and personal accessory retailing",1541.7
2008-05-01,"Clothing, footwear and personal accessory retailing",1511.4
2008-06-01,"Clothing, footwear and personal accessory retailing",1465.7
2008-07-01,"Clothing, footwear and personal accessory retailing",1521.3
2008-08-01,"Clothing, footwear and personal accessory retailing",1521.5
2008-09-01,"Clothing, footwear and personal accessory retailing",1512.1
2008-10-01,"Clothing, footwear and personal accessory retailing",1503.7
2008-11-01,"Clothing, footwear and personal accessory retailing",1525.7
2008-12-01,"Clothing, footwear and personal accessory retailing",1593.1
2009-01-01,"Clothing, footwear and personal accessory retailing",1587.6
2009-02-01,"Clothing, footwear and personal accessory retailing",1563.8
2009-03-01,"Clothing, footwear and personal accessory retailing",1661.3
2009-04-01,"Clothing, footwear and personal accessory retailing",1681.8
2009-05-01,"Clothing, footwear and personal accessory retailing",1690.0
2009-06-01,"Clothing, footwear and personal accessory retailing",1631.0
2009-07-01,"Clothing, footwear and personal accessory retailing",1599.9
2009-08-01,"Clothing, footwear and personal accessory retailing",1614.2
2009-09-01,"Clothing, footwear and personal accessory retailing",1598.2
2009-10-01,"Clothing, footwear and personal accessory retailing",1594.7
2009-11-01,"Clothing, footwear and personal accessory retailing",1659.8
2009-12-01,"Clothing, footwear and personal accessory retailing",1590.6
2010-01-01,"Clothing, footwear and personal accessory retailing",1625.4
2010-02-01,"Clothing, footwear and personal accessory retailing",1590.2
2010-03-01,"Clothing, footwear and personal accessory retailing",1597.7
2010-04-01,"Clothing, footwear and personal accessory retailing",1611.5
2010-05-01,"Clothing, footwear and personal accessory retailing",1633.0
2010-06-01,"Clothing, footwear and personal accessory retailing",1622.4
2010-07-01,"Clothing, footwear and personal accessory retailing",1652.6
2010-08-01,"Clothing, footwear and personal accessory retailing",1645.3
2010-09-01,"Clothing, footwear and personal accessory retailing",1666.6
2010-10-01,"Clothing, footwear and personal accessory retailing",1591.5
2010-11-01,"Clothing, footwear and personal accessory retailing",1612.8
2010-12-01,"Clothing, footwear and personal accessory retailing",1624.4
2011-01-01,"Clothing, footwear and personal accessory retailing",1575.5
2011-02-01,"Clothing, footwear and personal accessory retailing",1623.6
2011-03-01,"Clothing, footwear and personal accessory retailing",1616.7
2011-04-01,"Clothing, footwear and personal accessory retailing",1640.8
2011-05-01,"Clothing, footwear and personal accessory retailing",1614.8
2011-06-01,"Clothing, footwear and personal accessory retailing",1589.7
2011-07-01,"Clothing, footwear and personal accessory retailing",1552.9
2011-08-01,"Clothing, footwear and personal accessory retailing",1548.2
2011-09-01,"Clothing, footwear and personal accessory retailing",1549.8
2011-10-01,"Clothing, footwear and personal accessory retailing",1575.7
2011-11-01,"Clothing, footwear and personal accessory retailing",1577.5
2011-12-01,"Clothing, footwear and personal accessory retailing",1614.0
2012-01-01,"Clothing, footwear and personal accessory retailing",1621.9
2012-02-01,"Clothing, footwear and personal accessory retailing",1595.7
2012-03-01,"Clothing, footwear and personal accessory retailing",1629.3
2012-04-01,"Clothing, footwear and personal accessory retailing",1639.8
2012-05-01,"Clothing, footwear and personal accessory retailing",1657.9
2012-06-01,"Clothing, footwear and personal accessory retailing",1685.1
2012-07-01,"Clothing, footwear and personal accessory retailing",1675.0
2012-08-01,"Clothing, footwear and personal accessory retailing",1659.6
2012-09-01,"Clothing, footwear and personal accessory retailing",1638.9
2012-10-01,"Clothing, footwear and personal accessory retailing",1636.5
2012-11-01,"Clothing, footwear and personal accessory retailing",1631.7
2012-12-01,"Clothing, footwear and personal accessory retailing",1660.2
2013-01-01,"Clothing, footwear and personal accessory retailing",1668.1
2013-02-01,"Clothing, footwear and personal accessory retailing",1697.9
2013-03-01,"Clothing, footwear and personal accessory retailing",1608.1
2013-04-01,"Clothing, footwear and personal accessory retailing",1661.1
2013-05-01,"Clothing, footwear and personal accessory retailing",1682.8
2013-06-01,"Clothing, footwear and personal accessory retailing",1689.0
2013-07-01,"Clothing, footwear and personal accessory retailing",1712.6
2013-08-01,"Clothing, footwear and personal accessory retailing",1744.4
2013-09-01,"Clothing, footwear and personal accessory retailing",1782.9
2013-10-01,"Clothing, footwear and personal accessory retailing",1794.2
2013-11-01,"Clothing, footwear and personal accessory retailing",1822.8
2013-12-01,"Clothing, footwear and personal accessory retailing",1761.4
2014-01-01,"Clothing, footwear and personal accessory retailing",1772.9
2014-02-01,"Clothing, footwear and personal accessory retailing",1790.6
2014-03-01,"Clothing, footwear and personal accessory retailing",1768.5
2014-04-01,"Clothing, footwear and personal accessory retailing",1758.0
2014-05-01,"Clothing, footwear and personal accessory retailing",1731.5
2014-06-01,"Clothing, footwear and personal accessory retailing",1743.3
2014-07-01,"Clothing, footwear and personal accessory retailing",1753.3
2014-08-01,"Clothing, footwear and personal accessory retailing",1771.7
2014-09-01,"Clothing, footwear and personal accessory retailing",1783.8
2014-10-01,"Clothing, footwear and personal accessory retailing",1801.5
2014-11-01,"Clothing, footwear and personal accessory retailing",1782.3
2014-12-01,"Clothing, footwear and personal accessory retailing",1828.1
2015-01-01,"Clothing, footwear and personal accessory retailing",1829.8
2015-02-01,"Clothing, footwear and personal accessory retailing",1835.5
2015-03-01,"Clothing, footwear and personal accessory retailing",1873.4
2015-04-01,"Clothing, footwear and personal accessory retailing",1903.8
2015-05-01,"Clothing, footwear and personal accessory retailing",1877.4
2015-06-01,"Clothing, footwear and personal accessory retailing",1822.3
2015-07-01,"Clothing, footwear and personal accessory retailing",1898.7
2015-08-01,"Clothing, footwear and personal accessory retailing",1882.4
2015-09-01,"Clothing, footwear and personal accessory retailing",1895.8
2015-10-01,"Clothing, footwear and personal accessory retailing",1888.7
2015-11-01,"Clothing, footwear and personal accessory retailing",1887.6
2015-12-01,"Clothing, footwear and personal accessory retailing",1917.9
2016-01-01,"Clothing, footwear and personal accessory retailing",1936.1
2016-02-01,"Clothing, footwear and personal accessory retailing",1955.9
2016-03-01,"Clothing, footwear and personal accessory retailing",1976.2
2016-04-01,"Clothing, footwear and personal accessory retailing",1979.5
2016-05-01,"Clothing, footwear and personal accessory retailing",1937.0
2016-06-01,"Clothing, footwear and personal accessory retailing",2003.4
2016-07-01,"Clothing, footwear and personal accessory retailing",2004.4
2016-08-01,"Clothing, footwear and personal accessory retailing",1998.3
2016-09-01,"Clothing, footwear and personal accessory retailing",2008.9
2016-10-01,"Clothing, footwear and personal accessory retailing",1986.9
2016-11-01,"Clothing, footwear and personal accessory retailing",1980.9
2016-12-01,"Clothing, footwear and personal accessory retailing",2049.5
2017-01-01,"Clothing, footwear and personal accessory retailing",2030.8
2017-02-01,"Clothing, footwear and personal accessory retailing",1972.2
2017-03-01,"Clothing, footwear and personal accessory retailing",1982.8
2017-04-01,"Clothing, footwear and personal accessory retailing",2009.3
2017-05-01,"Clothing, footwear and personal accessory retailing",2017.8
2017-06-01,"Clothing, footwear and personal accessory retailing",2009.2
2017-07-01,"Clothing, footwear and personal accessory retailing",2046.4
2017-08-01,"Clothing, footwear and personal accessory retailing",2020.8
2017-09-01,"Clothing, footwear and personal accessory retailing",2012.3
2017-10-01,"Clothing, footwear and personal accessory retailing",2011.2
2017-11-01,"Clothing, footwear and personal accessory retailing",2022.8
2017-12-01,"Clothing, footwear and personal accessory retailing",2054.8
2018-01-01,"Clothing, footwear and personal accessory retailing",2047.5
2018-02-01,"Clothing, footwear and personal accessory retailing",2070.7
2018-03-01,"Clothing, footwear and personal accessory retailing",2041.4
2018-04-01,"Clothing, footwear and personal accessory retailing",2051.3
2018-05-01,"Clothing, footwear and personal accessory retailing",2107.1
2018-06-01,"Clothing, footwear and personal accessory retailing",2109.7
2018-07-01,"Clothing, footwear and personal accessory retailing",2084.3
2018-08-01,"Clothing, footwear and personal accessory retailing",2101.9
2018-09-01,"Clothing, footwear and personal accessory retailing",2082.7
2018-10-01,"Clothing, footwear and personal accessory retailing",2138.4
2018-11-01,"Clothing, footwear and personal accessory retailing",2091.7
2018-12-01,"Clothing, footwear and personal accessory retailing",2110.1
2019-01-01,"Clothing, footwear and personal accessory retailing",2110.9
2019-02-01,"Clothing, footwear and personal accessory retailing",2148.0
2019-03-01,"Clothing, footwear and personal accessory retailing",2145.3
2019-04-01,"Clothing, footwear and personal accessory retailing",2123.9
2019-05-01,"Clothing, footwear and personal accessory retailing",2149.3
2019-06-01,"Clothing, footwear and personal accessory retailing",2179.2
2019-07-01,"Clothing, footwear and personal accessory retailing",2168.9
2019-08-01,"Clothing, footwear and personal accessory retailing",2206.3
2019-09-01,"Clothing, footwear and personal accessory retailing",2184.0
2019-10-01,"Clothing, footwear and personal accessory retailing",2176.6
2019-11-01,"Clothing, footwear and personal accessory retailing",2162.7
2019-12-01,"Clothing, footwear and personal accessory retailing",2207.3
2020-01-01,"Clothing, footwear and personal accessory retailing",2180.1
2020-02-01,"Clothing, footwear and personal accessory retailing",2104.0
2020-03-01,"Clothing, footwear and personal accessory retailing",1601.0
2020-04-01,"Clothing, footwear and personal accessory retailing",753.3
2020-05-01,"Clothing, footwear and personal accessory retailing",1726.5
2020-06-01,"Clothing, footwear and personal accessory retailing",2090.3
2020-07-01,"Clothing, footwear and personal accessory retailing",2257.1
2020-08-01,"Clothing, footwear and personal accessory retailing",1992.2
2020-09-01,"Clothing, footwear and personal accessory retailing",1969.7
2020-10-01,"Clothing, footwear and personal accessory retailing",2118.5
2020-11-01,"Clothing, footwear and personal accessory retailing",2497.3
2020-12-01,"Clothing, footwear and personal accessory retailing",2464.4
2021-01-01,"Clothing, footwear and personal accessory retailing",2350.8
2021-02-01,"Clothing, footwear and personal accessory retailing",2383.9
2021-03-01,"Clothing, footwear and personal accessory retailing",2483.5
2021-04-01,"Clothing, footwear and personal accessory retailing",2531.8
2021-05-01,"Clothing, footwear and personal accessory retailing",2527.4
2021-06-01,"Clothing, footwear and personal accessory retailing",2305.9
2021-07-01,"Clothing, footwear and personal accessory retailing",1973.2
2021-08-01,"Clothing, footwear and personal accessory retailing",1629.1
2021-09-01,"Clothing, footwear and personal accessory retailing",1757.2
2021-10-01,"Clothing, footwear and personal accessory retailing",2227.2
2021-11-01,"Clothing, footwear and personal accessory retailing",2855.8
2021-12-01,"Clothing, footwear and personal accessory retailing",2648.7
2022-01-01,"Clothing, footwear and personal accessory retailing",2529.4
2022-02-01,"Clothing, footwear and personal accessory retailing",2802.4
2022-03-01,"Clothing, footwear and personal accessory retailing",2841.2
2022-04-01,"Clothing, footwear and personal accessory retailing",2894.3
2022-05-01,"Clothing, footwear and personal accessory retailing",2883.2
2022-06-01,"Clothing, footwear and personal accessory retailing",2942.5
2022-07-01,"Clothing, footwear and personal accessory retailing",2980.6
2022-08-01,"Clothing, footwear and personal accessory retailing",2949.4
2022-09-01,"Clothing, footwear and personal accessory retailing",2983.8
2022-10-01,"Clothing, footwear and personal accessory retailing",2979.9
2022-11-01,"Clothing, footwear and personal accessory retailing",3028.8
2022-12-01,"Clothing, footwear and personal accessory retailing",2861.5
2023-01-01,"Clothing, footwear and personal accessory retailing",2991.5
2023-02-01,"Clothing, footwear and personal accessory retailing",2965.9
2023-03-01,"Clothing, footwear and personal accessory retailing",2964.7
2023-04-01,"Clothing, footwear and personal accessory retailing",3016.5
2023-05-01,"Clothing, footwear and personal accessory retailing",2998.0
2023-06-01,"Clothing, footwear and personal accessory retailing",2926.1
2023-07-01,"Clothing, footwear and personal accessory retailing",2959.3
2023-08-01,"Clothing, footwear and personal accessory retailing",2985.2
2023-09-01,"Clothing, footwear and personal accessory retailing",3002.4
2023-10-01,"Clothing, footwear and personal accessory retailing",2968.8
2023-11-01,"Clothing, footwear and personal accessory retailing",3007.0
2023-12-01,"Clothing, footwear and personal accessory retailing",2875.8
2024-01-01,"Clothing, footwear and personal accessory retailing",2944.4
2024-02-01,"Clothing, footwear and personal accessory retailing",3080.9
2024-03-01,"Clothing, footwear and personal accessory retailing",2945.6
2024-04-01,"Clothing, footwear and personal accessory retailing",2962.3
2024-05-01,"Clothing, footwear and personal accessory retailing",2993.3
2024-06-01,"Clothing, footwear and personal accessory retailing",2982.0
2024-07-01,"Clothing, footwear and personal accessory retailing",2994.5
2024-08-01,"Clothing, footwear and personal accessory retailing",3033.4
2024-09-01,"Clothing, footwear and personal accessory retailing",3030.4
2024-10-01,"Clothing, footwear and personal accessory retailing",3019.5
2024-11-01,"Clothing, footwear and personal accessory retailing",3061.7
2024-12-01,"Clothing, footwear and personal accessory retailing",3015.5
2025-01-01,"Clothing, footwear and personal accessory retailing",3082.2
2025-02-01,"Clothing, footwear and personal accessory retailing",3096.0
2025-03-01,"Clothing, footwear and personal accessory retailing",3093.8
2025-04-01,"Clothing, footwear and personal accessory retailing",3007.9
2025-05-01,"Clothing, footwear and personal accessory retailing",3113.4
2025-06-01,"Clothing, footwear and personal accessory retailing",3160.4
1982-04-01,Department stores,480.4
1982-05-01,Department stores,489.9
1982-06-01,Department stores,479.8
1982-07-01,Department stores,476.9
1982-08-01,Department stores,516.1
1982-09-01,Department stores,485.3
1982-10-01,Department stores,483.0
1982-11-01,Department stores,488.8
1982-12-01,Department stores,479.2
1983-01-01,Department stores,470.4
1983-02-01,Department stores,503.3
1983-03-01,Department stores,503.3
1983-04-01,Department stores,537.5
1983-05-01,Department stores,494.0
1983-06-01,Department stores,505.2
1983-07-01,Department stores,507.4
1983-08-01,Department stores,516.8
1983-09-01,Department stores,508.2
1983-10-01,Department stores,526.6
1983-11-01,Department stores,521.0
1983-12-01,Department stores,515.2
1984-01-01,Department stores,510.0
1984-02-01,Department stores,531.1
1984-03-01,Department stores,534.6
1984-04-01,Department stores,542.3
1984-05-01,Department stores,547.7
1984-06-01,Department stores,545.6
1984-07-01,Department stores,593.7
1984-08-01,Department stores,559.4
1984-09-01,Department stores,579.5
1984-10-01,Department stores,576.9
1984-11-01,Department stores,578.2
1984-12-01,Department stores,581.0
1985-01-01,Department stores,596.2
1985-02-01,Department stores,607.1
1985-03-01,Department stores,604.6
1985-04-01,Department stores,624.7
1985-05-01,Department stores,656.1
1985-06-01,Department stores,633.0
1985-07-01,Department stores,636.6
1985-08-01,Department stores,639.6
1985-09-01,Department stores,646.4
1985-10-01,Department stores,649.0
1985-11-01,Department stores,644.3
1985-12-01,Department stores,652.3
1986-01-01,Department stores,664.1
1986-02-01,Department stores,647.9
1986-03-01,Department stores,625.8
1986-04-01,Department stores,643.8
1986-05-01,Department stores,705.7
1986-06-01,Department stores,632.6
1986-07-01,Department stores,690.2
1986-08-01,Department stores,688.8
1986-09-01,Department stores,705.9
1986-10-01,Department stores,685.1
1986-11-01,Department stores,669.6
1986-12-01,Department stores,715.7
1987-01-01,Department stores,705.8
1987-02-01,Department stores,702.8
1987-03-01,Department stores,711.8
1987-04-01,Department stores,708.2
1987-05-01,Department stores,710.3
1987-06-01,Department stores,723.2
1987-07-01,Department stores,760.9
1987-08-01,Department stores,724.3
1987-09-01,Department stores,714.1
1987-10-01,Department stores,720.6
1987-11-01,Department stores,720.0
1987-12-01,Department stores,739.3
1988-01-01,Department stores,758.8
1988-02-01,Department stores,739.4
1988-03-01,Department stores,748.9
1988-04-01,Department stores,766.4
1988-05-01,Department stores,764.7
1988-06-01,Department stores,757.3
1988-07-01,Department stores,752.6
1988-08-01,Department stores,754.4
1988-09-01,Department stores,765.3
1988-10-01,Department stores,784.3
1988-11-01,Department stores,795.5
1988-12-01,Department stores,791.0
1989-01-01,Department stores,779.7
1989-02-01,Department stores,762.1
1989-03-01,Department stores,788.6
1989-04-01,Department stores,780.5
1989-05-01,Department stores,774.3
1989-06-01,Department stores,808.7
1989-07-01,Department stores,806.9
1989-08-01,Department stores,816.5
1989-09-01,Department stores,810.1
1989-10-01,Department stores,807.1
1989-11-01,Department stores,829.4
1989-12-01,Department stores,819.0
1990-01-01,Department stores,817.6
1990-02-01,Department stores,811.1
1990-03-01,Department stores,821.7
1990-04-01,Department stores,821.3
1990-05-01,Department stores,812.2
1990-06-01,Department stores,853.7
1990-07-01,Department stores,818.3
1990-08-01,Department stores,846.4
1990-09-01,Department stores,824.7
1990-10-01,Department stores,814.9
1990-11-01,Department stores,827.8
1990-12-01,Department stores,827.1
1991-01-01,Department stores,818.0
1991-02-01,Department stores,835.4
1991-03-01,Department stores,822.8
1991-04-01,Department stores,838.3
1991-05-01,Department stores,817.4
1991-06-01,Department stores,782.9
1991-07-01,Department stores,895.8
1991-08-01,Department stores,844.8
1991-09-01,Department stores,847.0
1991-10-01,Department stores,863.0
1991-11-01,Department stores,842.9
1991-12-01,Department stores,865.7
1992-01-01,Department stores,867.1
1992-02-01,Department stores,872.0
1992-03-01,Department stores,854.2
1992-04-01,Department stores,871.5
1992-05-01,Department stores,885.9
1992-06-01,Department stores,875.0
1992-07-01,Department stores,862.4
1992-08-01,Department stores,851.4
1992-09-01,Department stores,885.1
1992-10-01,Department stores,887.8
1992-11-01,Department stores,907.4
1992-12-01,Department stores,853.0
1993-01-01,Department stores,910.9
1993-02-01,Department stores,886.9
1993-03-01,Department stores,898.8
1993-04-01,Department stores,889.6
1993-05-01,Department stores,912.4
1993-06-01,Department stores,931.7
1993-07-01,Department stores,831.4
1993-08-01,Department stores,873.3
1993-09-01,Department stores,892.4
1993-10-01,Department stores,901.5
1993-11-01,Department stores,901.0
1993-12-01,Department stores,884.9
1994-01-01,Department stores,885.9
1994-02-01,Department stores,917.6
1994-03-01,Department stores,928.9
1994-04-01,Department stores,905.5
1994-05-01,Department stores,935.5
1994-06-01,Department stores,939.7
1994-07-01,Department stores,864.6
1994-08-01,Department stores,935.9
1994-09-01,Department stores,954.3
1994-10-01,Department stores,950.1
1994-11-01,Department stores,919.6
1994-12-01,Department stores,925.5
1995-01-01,Department stores,909.4
1995-02-01,Department stores,946.0
1995-03-01,Department stores,947.0
1995-04-01,Department stores,966.0
1995-05-01,Department stores,944.7
1995-06-01,Department stores,956.5
1995-07-01,Department stores,954.5
1995-08-01,Department stores,986.7
1995-09-01,Department stores,931.6
1995-10-01,Department stores,963.5
1995-11-01,Department stores,951.3
1995-12-01,Department stores,978.0
1996-01-01,Department stores,986.4
1996-02-01,Department stores,966.2
1996-03-01,Department stores,961.3
1996-04-01,Department stores,970.9
1996-05-01,Department stores,970.1
1996-06-01,Department stores,977.8
1996-07-01,Department stores,974.9
1996-08-01,Department stores,972.3
1996-09-01,Department stores,949.2
1996-10-01,Department stores,938.9
1996-11-01,Department stores,974.1
1996-12-01,Department stores,983.1
1997-01-01,Department stores,973.2
1997-02-01,Department stores,1015.8
1997-03-01,Department stores,981.7
1997-04-01,Department stores,943.7
1997-05-01,Department stores,984.1
1997-06-01,Department stores,941.5
1997-07-01,Department stores,1001.9
1997-08-01,Department stores,981.0
1997-09-01,Department stores,1019.1
1997-10-01,Department stores,999.1
1997-11-01,Department stores,996.5
1997-12-01,Department stores,990.1
1998-01-01,Department stores,1027.4
1998-02-01,Department stores,1003.5
1998-03-01,Department stores,993.1
1998-04-01,Department stores,1023.5
1998-05-01,Department stores,1003.7
1998-06-01,Department stores,955.6
1998-07-01,Department stores,1080.3
1998-08-01,Department stores,1015.4
1998-09-01,Department stores,1020.9
1998-10-01,Department stores,1015.8
1998-11-01,Department stores,1041.0
1998-12-01,Department stores,1014.5
1999-01-01,Department stores,1094.0
1999-02-01,Department stores,1037.1
1999-03-01,Department stores,1055.4
1999-04-01,Department stores,1026.0
1999-05-01,Department stores,1043.8
1999-06-01,Department stores,1020.9
1999-07-01,Department stores,1056.1
1999-08-01,Department stores,1075.3
1999-09-01,Department stores,1073.3
1999-10-01,Department stores,1076.7
1999-11-01,Department stores,1073.2
1999-12-01,Department stores,1072.0
2000-01-01,Department stores,1071.8
2000-02-01,Department stores,1082.2
2000-03-01,Department stores,1055.9
2000-04-01,Department stores,1092.9
2000-05-01,Department stores,1097.9
2000-06-01,Department stores,1313.1
2000-07-01,Department stores,886.4
2000-08-01,Department stores,1161.8
2000-09-01,Department stores,1135.0
2000-10-01,Department stores,1117.6
2000-11-01,Department stores,1080.3
2000-12-01,Department stores,1139.8
2001-01-01,Department stores,1133.7
2001-02-01,Department stores,1145.5
2001-03-01,Department stores,1163.5
2001-04-01,Department stores,1132.8
2001-05-01,Department stores,1157.8
2001-06-01,Department stores,1146.1
2001-07-01,Department stores,1151.4
2001-08-01,Department stores,1108.8
2001-09-01,Department stores,1116.3
2001-10-01,Department stores,1164.7
2001-11-01,Department stores,1177.6
2001-12-01,Department stores,1195.0
2002-01-01,Department stores,1174.0
2002-02-01,Department stores,1179.9
2002-03-01,Department stores,1185.6
2002-04-01,Department stores,1190.7
2002-05-01,Department stores,1241.5
2002-06-01,Department stores,1167.1
2002-07-01,Department stores,1201.5
2002-08-01,Department stores,1192.3
2002-09-01,Department stores,1211.1
2002-10-01,Department stores,1221.1
2002-11-01,Department stores,1304.8
2002-12-01,Department stores,1266.8
2003-01-01,Department stores,1257.6
2003-02-01,Department stores,1256.8
2003-03-01,Department stores,1282.1
2003-04-01,Department stores,1297.7
2003-05-01,Department stores,1280.7
2003-06-01,Department stores,1284.5
2003-07-01,Department stores,1280.2
2003-08-01,Department stores,1297.0
2003-09-01,Department stores,1313.9
2003-10-01,Department stores,1338.2
2003-11-01,Department stores,1343.9
2003-12-01,Department stores,1308.4
2004-01-01,Department stores,1325.7
2004-02-01,Department stores,1339.9
2004-03-01,Department stores,1328.8
2004-04-01,Department stores,1356.1
2004-05-01,Department stores,1373.1
2004-06-01,Department stores,1385.0
2004-07-01,Department stores,1397.3
2004-08-01,Department stores,1391.3
2004-09-01,Department stores,1410.6
2004-10-01,Department stores,1394.7
2004-11-01,Department stores,1380.2
2004-12-01,Department stores,1343.8
2005-01-01,Department stores,1419.5
2005-02-01,Department stores,1429.8
2005-03-01,Department stores,1436.5
2005-04-01,Department stores,1266.2
2005-05-01,Department stores,1387.4
2005-06-01,Department stores,1422.6
2005-07-01,Department stores,1403.0
2005-08-01,Department stores,1411.8
2005-09-01,Department stores,1390.6
2005-10-01,Department stores,1358.4
2005-11-01,Department stores,1366.1
2005-12-01,Department stores,1357.4
2006-01-01,Department stores,1372.1
2006-02-01,Department stores,1427.2
2006-03-01,Department stores,1384.2
2006-04-01,Department stores,1431.8
2006-05-01,Department stores,1378.2
2006-06-01,Department stores,1413.6
2006-07-01,Department stores,1406.5
2006-08-01,Department stores,1406.3
2006-09-01,Department stores,1343.0
2006-10-01,Department stores,1424.3
2006-11-01,Department stores,1432.6
2006-12-01,Department stores,1444.2
2007-01-01,Department stores,1435.4
2007-02-01,Department stores,1450.1
2007-03-01,Department stores,1519.2
2007-04-01,Department stores,1436.4
2007-05-01,Department stores,1461.8
2007-06-01,Department stores,1482.7
2007-07-01,Department stores,1473.3
2007-08-01,Department stores,1490.7
2007-09-01,Department stores,1499.1
2007-10-01,Department stores,1509.6
2007-11-01,Department stores,1517.1
2007-12-01,Department stores,1528.4
2008-01-01,Department stores,1541.2
2008-02-01,Department stores,1539.6
2008-03-01,Department stores,1517.6
2008-04-01,Department stores,1553.4
2008-05-01,Department stores,1519.0
2008-06-01,Department stores,1431.3
2008-07-01,Department stores,1545.6
2008-08-01,Department stores,1471.7
2008-09-01,Department stores,1536.4
2008-10-01,Department stores,1503.4
2008-11-01,Department stores,1493.3
2008-12-01,Department stores,1618.7
2009-01-01,Department stores,1585.9
2009-02-01,Department stores,1473.5
2009-03-01,Department stores,1628.7
2009-04-01,Department stores,1615.1
2009-05-01,Department stores,1633.2
2009-06-01,Department stores,1530.0
2009-07-01,Department stores,1544.0
2009-08-01,Department stores,1560.9
2009-09-01,Department stores,1529.5
2009-10-01,Department stores,1583.7
2009-11-01,Department stores,1588.9
2009-12-01,Department stores,1537.7
2010-01-01,Department stores,1606.3
2010-02-01,Department stores,1553.7
2010-03-01,Department stores,1568.0
2010-04-01,Department stores,1529.3
2010-05-01,Department stores,1536.0
2010-06-01,Department stores,1556.0
2010-07-01,Department stores,1553.9
2010-08-01,Department stores,1557.2
2010-09-01,Department stores,1553.3
2010-10-01,Department stores,1527.3
2010-11-01,Department stores,1558.3
2010-12-01,Department stores,1518.9
2011-01-01,Department stores,1547.4
2011-02-01,Department stores,1564.6
2011-03-01,Department stores,1508.8
2011-04-01,Department stores,1572.3
2011-05-01,Department stores,1531.0
2011-06-01,Department stores,1471.3
2011-07-01,Department stores,1523.8
2011-08-01,Department stores,1503.4
2011-09-01,Department stores,1489.5
2011-10-01,Department stores,1480.5
2011-11-01,Department stores,1495.3
2011-12-01,Department stores,1500.0
2012-01-01,Department stores,1500.8
2012-02-01,Department stores,1519.6
2012-03-01,Department stores,1526.6
2012-04-01,Department stores,1517.6
2012-05-01,Department stores,1548.3
2012-06-01,Department stores,1614.2
2012-07-01,Department stores,1460.8
2012-08-01,Department stores,1543.1
2012-09-01,Department stores,1525.5
2012-10-01,Department stores,1521.4
2012-11-01,Department stores,1517.3
2012-12-01,Department stores,1527.8
2013-01-01,Department stores,1495.5
2013-02-01,Department stores,1566.1
2013-03-01,Department stores,1536.5
2013-04-01,Department stores,1503.4
2013-05-01,Department stores,1523.8
2013-06-01,Department stores,1538.0
2013-07-01,Department stores,1427.4
2013-08-01,Department stores,1513.6
2013-09-01,Department stores,1559.5
2013-10-01,Department stores,1520.8
2013-11-01,Department stores,1507.7
2013-12-01,Department stores,1524.1
2014-01-01,Department stores,1533.1
2014-02-01,Department stores,1502.5
2014-03-01,Department stores,1479.2
2014-04-01,Department stores,1537.3
2014-05-01,Department stores,1495.5
2014-06-01,Department stores,1484.3
2014-07-01,Department stores,1540.9
2014-08-01,Department stores,1477.4
2014-09-01,Department stores,1521.0
2014-10-01,Department stores,1513.9
2014-11-01,Department stores,1529.8
2014-12-01,Department stores,1527.7
2015-01-01,Department stores,1550.0
2015-02-01,Department stores,1491.2
2015-03-01,Department stores,1560.7
2015-04-01,Department stores,1535.1
2015-05-01,Department stores,1520.9
2015-06-01,Department stores,1512.3
2015-07-01,Department stores,1586.9
2015-08-01,Department stores,1590.0
2015-09-01,Department stores,1544.1
2015-10-01,Department stores,1593.5
2015-11-01,Department stores,1591.5
2015-12-01,Department stores,1594.8
2016-01-01,Department stores,1612.0
2016-02-01,Department stores,1592.4
2016-03-01,Department stores,1587.6
2016-04-01,Department stores,1582.6
2016-05-01,Department stores,1569.6
2016-06-01,Department stores,1584.7
2016-07-01,Department stores,1538.9
2016-08-01,Department stores,1545.0
2016-09-01,Department stores,1539.1
2016-10-01,Department stores,1538.9
2016-11-01,Department stores,1526.3
2016-12-01,Department stores,1551.9
2017-01-01,Department stores,1555.6
2017-02-01,Department stores,1544.7
2017-03-01,Department stores,1547.1
2017-04-01,Department stores,1608.6
2017-05-01,Department stores,1553.2
2017-06-01,Department stores,1548.0
2017-07-01,Department stores,1542.8
2017-08-01,Department stores,1525.9
2017-09-01,Department stores,1558.9
2017-10-01,Department stores,1568.2
2017-11-01,Department stores,1539.9
2017-12-01,Department stores,1555.5
2018-01-01,Department stores,1546.1
2018-02-01,Department stores,1549.4
2018-03-01,Department stores,1550.1
2018-04-01,Department stores,1542.5
2018-05-01,Department stores,1594.7
2018-06-01,Department stores,1575.6
2018-07-01,Department stores,1541.4
2018-08-01,Department stores,1559.6
2018-09-01,Department stores,1564.2
2018-10-01,Department stores,1567.8
2018-11-01,Department stores,1540.2
2018-12-01,Department stores,1567.8
2019-01-01,Department stores,1545.6
2019-02-01,Department stores,1568.1
2019-03-01,Department stores,1538.6
2019-04-01,Department stores,1567.5
2019-05-01,Department stores,1578.6
2019-06-01,Department stores,1568.4
2019-07-01,Department stores,1551.0
2019-08-01,Department stores,1578.3
2019-09-01,Department stores,1572.3
2019-10-01,Department stores,1578.2
2019-11-01,Department stores,1596.1
2019-12-01,Department stores,1589.7
2020-01-01,Department stores,1566.5
2020-02-01,Department stores,1590.2
2020-03-01,Department stores,1424.5
2020-04-01,Department stores,1244.7
2020-05-01,Department stores,1757.1
2020-06-01,Department stores,1566.5
2020-07-01,Department stores,1631.8
2020-08-01,Department stores,1467.4
2020-09-01,Department stores,1477.8
2020-10-01,Department stores,1590.5
2020-11-01,Department stores,1830.8
2020-12-01,Department stores,1703.1
2021-01-01,Department stores,1680.4
2021-02-01,Department stores,1672.0
2021-03-01,Department stores,1786.6
2021-04-01,Department stores,1711.4
2021-05-01,Department stores,1668.7
2021-06-01,Department stores,1569.9
2021-07-01,Department stores,1396.8
2021-08-01,Department stores,1218.2
2021-09-01,Department stores,1236.3
2021-10-01,Department stores,1529.5
2021-11-01,Department stores,1848.5
2021-12-01,Department stores,1570.1
2022-01-01,Department stores,1620.5
2022-02-01,Department stores,1748.0
2022-03-01,Department stores,1805.8
2022-04-01,Department stores,1810.3
2022-05-01,Department stores,1841.8
2022-06-01,Department stores,1838.0
2022-07-01,Department stores,1881.6
2022-08-01,Department stores,1891.6
2022-09-01,Department stores,1886.4
2022-10-01,Department stores,1889.1
2022-11-01,Department stores,1857.2
2022-12-01,Department stores,1819.3
2023-01-01,Department stores,1894.4
2023-02-01,Department stores,1873.0
2023-03-01,Department stores,1888.1
2023-04-01,Department stores,1930.3
2023-05-01,Department stores,1910.1
2023-06-01,Department stores,1790.7
2023-07-01,Department stores,1874.0
2023-08-01,Department stores,1884.7
2023-09-01,Department stores,1926.1
2023-10-01,Department stores,1891.7
2023-11-01,Department stores,1918.7
2023-12-01,Department stores,1890.0
2024-01-01,Department stores,1878.5
2024-02-01,Department stores,1902.8
2024-03-01,Department stores,1883.8
2024-04-01,Department stores,1893.6
2024-05-01,Department stores,1878.3
2024-06-01,Department stores,1876.5
2024-07-01,Department stores,1889.6
2024-08-01,Department stores,1916.9
2024-09-01,Department stores,1901.7
2024-10-01,Department stores,1920.2
2024-11-01,Department stores,1914.2
2024-12-01,Department stores,1918.6
2025-01-01,Department stores,1938.6
2025-02-01,Department stores,1964.4
2025-03-01,Department stores,1950.0
2025-04-01,Department stores,1895.4
2025-05-01,Department stores,1951.1
2025-06-01,Department stores,1987.7
1982-04-01,Other retailing,507.8
1982-05-01,Other retailing,502.2
1982-06-01,Other retailing,506.8
1982-07-01,Other retailing,503.6
1982-08-01,Other retailing,505.9
1982-09-01,Other retailing,506.2
1982-10-01,Other retailing,507.9
1982-11-01,Other retailing,509.5
1982-12-01,Other retailing,517.9
1983-01-01,Other retailing,525.7
1983-02-01,Other retailing,536.4
1983-03-01,Other retailing,536.9
1983-04-01,Other retailing,536.0
1983-05-01,Other retailing,538.4
1983-06-01,Other retailing,546.1
1983-07-01,Other retailing,549.1
1983-08-01,Other retailing,559.8
1983-09-01,Other retailing,564.4
1983-10-01,Other retailing,565.3
1983-11-01,Other retailing,567.0
1983-12-01,Other retailing,572.5
1984-01-01,Other retailing,576.7
1984-02-01,Other retailing,577.8
1984-03-01,Other retailing,582.7
1984-04-01,Other retailing,584.1
1984-05-01,Other retailing,589.3
1984-06-01,Other retailing,585.6
1984-07-01,Other retailing,595.8
1984-08-01,Other retailing,589.1
1984-09-01,Other retailing,596.6
1984-10-01,Other retailing,608.4
1984-11-01,Other retailing,617.5
1984-12-01,Other retailing,612.9
1985-01-01,Other retailing,618.4
1985-02-01,Other retailing,620.9
1985-03-01,Other retailing,624.2
1985-04-01,Other retailing,621.6
1985-05-01,Other retailing,632.5
1985-06-01,Other retailing,639.1
1985-07-01,Other retailing,648.0
1985-08-01,Other retailing,651.9
1985-09-01,Other retailing,656.4
1985-10-01,Other retailing,657.3
1985-11-01,Other retailing,669.9
1985-12-01,Other retailing,681.0
1986-01-01,Other retailing,681.7
1986-02-01,Other retailing,692.0
1986-03-01,Other retailing,679.3
1986-04-01,Other retailing,701.3
1986-05-01,Other retailing,708.3
1986-06-01,Other retailing,712.3
1986-07-01,Other retailing,711.8
1986-08-01,Other retailing,723.4
1986-09-01,Other retailing,725.6
1986-10-01,Other retailing,737.4
1986-11-01,Other retailing,736.5
1986-12-01,Other retailing,741.6
1987-01-01,Other retailing,753.0
1987-02-01,Other retailing,759.6
1987-03-01,Other retailing,756.9
1987-04-01,Other retailing,782.6
1987-05-01,Other retailing,781.4
1987-06-01,Other retailing,789.0
1987-07-01,Other retailing,792.2
1987-08-01,Other retailing,804.3
1987-09-01,Other retailing,804.0
1987-10-01,Other retailing,801.0
1987-11-01,Other retailing,804.5
1987-12-01,Other retailing,810.7
1988-01-01,Other retailing,801.2
1988-02-01,Other retailing,810.1
1988-03-01,Other retailing,820.3
1988-04-01,Other retailing,823.6
1988-05-01,Other retailing,842.1
1988-06-01,Other retailing,852.6
1988-07-01,Other retailing,856.3
1988-08-01,Other retailing,867.1
1988-09-01,Other retailing,868.4
1988-10-01,Other retailing,889.7
1988-11-01,Other retailing,904.3
1988-12-01,Other retailing,924.0
1989-01-01,Other retailing,941.6
1989-02-01,Other retailing,913.7
1989-03-01,Other retailing,930.4
1989-04-01,Other retailing,941.1
1989-05-01,Other retailing,955.6
1989-06-01,Other retailing,954.4
1989-07-01,Other retailing,959.5
1989-08-01,Other retailing,965.3
1989-09-01,Other retailing,994.0
1989-10-01,Other retailing,988.9
1989-11-01,Other retailing,982.1
1989-12-01,Other retailing,1006.0
1990-01-01,Other retailing,1015.0
1990-02-01,Other retailing,1026.1
1990-03-01,Other retailing,1021.6
1990-04-01,Other retailing,1016.8
1990-05-01,Other retailing,1035.3
1990-06-01,Other retailing,1016.6
1990-07-01,Other retailing,1030.8
1990-08-01,Other retailing,1036.5
1990-09-01,Other retailing,1026.0
1990-10-01,Other retailing,1030.8
1990-11-01,Other retailing,1012.8
1990-12-01,Other retailing,987.4
1991-01-01,Other retailing,998.3
1991-02-01,Other retailing,1022.5
1991-03-01,Other retailing,1020.8
1991-04-01,Other retailing,1021.6
1991-05-01,Other retailing,1027.0
1991-06-01,Other retailing,1052.2
1991-07-01,Other retailing,1084.5
1991-08-01,Other retailing,1082.8
1991-09-01,Other retailing,1050.2
1991-10-01,Other retailing,1067.8
1991-11-01,Other retailing,1069.4
1991-12-01,Other retailing,1064.1
1992-01-01,Other retailing,1089.5
1992-02-01,Other retailing,1081.9
1992-03-01,Other retailing,1095.3
1992-04-01,Other retailing,1110.0
1992-05-01,Other retailing,1088.4
1992-06-01,Other retailing,1071.5
1992-07-01,Other retailing,1077.1
1992-08-01,Other retailing,1068.2
1992-09-01,Other retailing,1092.4
1992-10-01,Other retailing,1109.3
1992-11-01,Other retailing,1126.4
1992-12-01,Other retailing,1117.7
1993-01-01,Other retailing,1101.7
1993-02-01,Other retailing,1099.2
1993-03-01,Other retailing,1130.7
1993-04-01,Other retailing,1141.4
1993-05-01,Other retailing,1147.6
1993-06-01,Other retailing,1136.6
1993-07-01,Other retailing,1143.2
1993-08-01,Other retailing,1140.9
1993-09-01,Other retailing,1177.6
1993-10-01,Other retailing,1198.6
1993-11-01,Other retailing,1226.5
1993-12-01,Other retailing,1244.5
1994-01-01,Other retailing,1213.2
1994-02-01,Other retailing,1238.5
1994-03-01,Other retailing,1234.3
1994-04-01,Other retailing,1231.1
1994-05-01,Other retailing,1247.2
1994-06-01,Other retailing,1268.9
1994-07-01,Other retailing,1277.7
1994-08-01,Other retailing,1288.2
1994-09-01,Other retailing,1291.8
1994-10-01,Other retailing,1313.8
1994-11-01,Other retailing,1286.0
1994-12-01,Other retailing,1288.2
1995-01-01,Other retailing,1299.6
1995-02-01,Other retailing,1295.5
1995-03-01,Other retailing,1309.3
1995-04-01,Other retailing,1327.0
1995-05-01,Other retailing,1350.8
1995-06-01,Other retailing,1359.8
1995-07-01,Other retailing,1375.2
1995-08-01,Other retailing,1381.2
1995-09-01,Other retailing,1402.9
1995-10-01,Other retailing,1378.5
1995-11-01,Other retailing,1376.9
1995-12-01,Other retailing,1409.4
1996-01-01,Other retailing,1415.4
1996-02-01,Other retailing,1395.6
1996-03-01,Other retailing,1388.1
1996-04-01,Other retailing,1389.7
1996-05-01,Other retailing,1395.6
1996-06-01,Other retailing,1408.5
1996-07-01,Other retailing,1384.5
1996-08-01,Other retailing,1386.6
1996-09-01,Other retailing,1368.9
1996-10-01,Other retailing,1386.4
1996-11-01,Other retailing,1387.7
1996-12-01,Other retailing,1408.8
1997-01-01,Other retailing,1402.2
1997-02-01,Other retailing,1440.7
1997-03-01,Other retailing,1444.5
1997-04-01,Other retailing,1447.5
1997-05-01,Other retailing,1462.4
1997-06-01,Other retailing,1471.0
1997-07-01,Other retailing,1481.7
1997-08-01,Other retailing,1489.8
1997-09-01,Other retailing,1497.8
1997-10-01,Other retailing,1497.1
1997-11-01,Other retailing,1499.6
1997-12-01,Other retailing,1496.6
1998-01-01,Other retailing,1507.6
1998-02-01,Other retailing,1504.0
1998-03-01,Other retailing,1497.7
1998-04-01,Other retailing,1515.3
1998-05-01,Other retailing,1502.1
1998-06-01,Other retailing,1523.1
1998-07-01,Other retailing,1514.4
1998-08-01,Other retailing,1519.9
1998-09-01,Other retailing,1549.7
1998-10-01,Other retailing,1550.6
1998-11-01,Other retailing,1545.6
1998-12-01,Other retailing,1522.6
1999-01-01,Other retailing,1583.2
1999-02-01,Other retailing,1583.6
1999-03-01,Other retailing,1598.3
1999-04-01,Other retailing,1618.0
1999-05-01,Other retailing,1605.7
1999-06-01,Other retailing,1615.4
1999-07-01,Other retailing,1621.4
1999-08-01,Other retailing,1637.3
1999-09-01,Other retailing,1662.0
1999-10-01,Other retailing,1623.7
1999-11-01,Other retailing,1650.1
1999-12-01,Other retailing,1633.2
2000-01-01,Other retailing,1607.2
2000-02-01,Other retailing,1607.5
2000-03-01,Other retailing,1613.6
2000-04-01,Other retailing,1621.9
2000-05-01,Other retailing,1637.1
2000-06-01,Other retailing,1716.6
2000-07-01,Other retailing,1596.3
2000-08-01,Other retailing,1644.4
2000-09-01,Other retailing,1685.0
2000-10-01,Other retailing,1699.7
2000-11-01,Other retailing,1698.2
2000-12-01,Other retailing,1684.6
2001-01-01,Other retailing,1737.7
2001-02-01,Other retailing,1785.4
2001-03-01,Other retailing,1771.2
2001-04-01,Other retailing,1773.6
2001-05-01,Other retailing,1784.2
2001-06-01,Other retailing,1799.1
2001-07-01,Other retailing,1807.2
2001-08-01,Other retailing,1802.0
2001-09-01,Other retailing,1798.4
2001-10-01,Other retailing,1813.5
2001-11-01,Other retailing,1827.5
2001-12-01,Other retailing,1843.6
2002-01-01,Other retailing,1871.4
2002-02-01,Other retailing,1874.6
2002-03-01,Other retailing,1900.7
2002-04-01,Other retailing,1922.0
2002-05-01,Other retailing,1949.7
2002-06-01,Other retailing,1924.9
2002-07-01,Other retailing,1927.5
2002-08-01,Other retailing,1974.1
2002-09-01,Other retailing,1963.2
2002-10-01,Other retailing,1915.5
2002-11-01,Other retailing,1938.6
2002-12-01,Other retailing,1953.4
2003-01-01,Other retailing,1976.8
2003-02-01,Other retailing,1971.5
2003-03-01,Other retailing,1953.8
2003-04-01,Other retailing,2003.2
2003-05-01,Other retailing,2029.4
2003-06-01,Other retailing,2029.8
2003-07-01,Other retailing,2078.0
2003-08-01,Other retailing,2101.9
2003-09-01,Other retailing,2134.9
2003-10-01,Other retailing,2188.5
2003-11-01,Other retailing,2227.7
2003-12-01,Other retailing,2199.0
2004-01-01,Other retailing,2165.4
2004-02-01,Other retailing,2150.7
2004-03-01,Other retailing,2215.7
2004-04-01,Other retailing,2169.0
2004-05-01,Other retailing,2190.2
2004-06-01,Other retailing,2221.8
2004-07-01,Other retailing,2235.4
2004-08-01,Other retailing,2225.7
2004-09-01,Other retailing,2282.8
2004-10-01,Other retailing,2262.9
2004-11-01,Other retailing,2232.2
2004-12-01,Other retailing,2232.6
2005-01-01,Other retailing,2235.7
2005-02-01,Other retailing,2249.0
2005-03-01,Other retailing,2217.3
2005-04-01,Other retailing,2220.9
2005-05-01,Other retailing,2206.3
2005-06-01,Other retailing,2213.4
2005-07-01,Other retailing,2177.0
2005-08-01,Other retailing,2175.1
2005-09-01,Other retailing,2151.7
2005-10-01,Other retailing,2147.8
2005-11-01,Other retailing,2162.7
2005-12-01,Other retailing,2187.7
2006-01-01,Other retailing,2218.4
2006-02-01,Other retailing,2228.4
2006-03-01,Other retailing,2221.8
2006-04-01,Other retailing,2279.1
2006-05-01,Other retailing,2275.8
2006-06-01,Other retailing,2303.5
2006-07-01,Other retailing,2280.9
2006-08-01,Other retailing,2307.8
2006-09-01,Other retailing,2297.5
2006-10-01,Other retailing,2311.4
2006-11-01,Other retailing,2325.6
2006-12-01,Other retailing,2328.6
2007-01-01,Other retailing,2307.4
2007-02-01,Other retailing,2322.7
2007-03-01,Other retailing,2354.6
2007-04-01,Other retailing,2328.7
2007-05-01,Other retailing,2304.9
2007-06-01,Other retailing,2338.2
2007-07-01,Other retailing,2396.7
2007-08-01,Other retailing,2413.4
2007-09-01,Other retailing,2434.0
2007-10-01,Other retailing,2516.6
2007-11-01,Other retailing,2525.4
2007-12-01,Other retailing,2545.0
2008-01-01,Other retailing,2568.2
2008-02-01,Other retailing,2571.7
2008-03-01,Other retailing,2573.3
2008-04-01,Other retailing,2576.4
2008-05-01,Other retailing,2609.6
2008-06-01,Other retailing,2584.5
2008-07-01,Other retailing,2588.7
2008-08-01,Other retailing,2601.0
2008-09-01,Other retailing,2574.1
2008-10-01,Other retailing,2621.1
2008-11-01,Other retailing,2624.1
2008-12-01,Other retailing,2703.4
2009-01-01,Other retailing,2657.5
2009-02-01,Other retailing,2674.0
2009-03-01,Other retailing,2717.7
2009-04-01,Other retailing,2714.1
2009-05-01,Other retailing,2742.1
2009-06-01,Other retailing,2734.7
2009-07-01,Other retailing,2731.5
2009-08-01,Other retailing,2674.3
2009-09-01,Other retailing,2693.5
2009-10-01,Other retailing,2709.9
2009-11-01,Other retailing,2734.2
2009-12-01,Other retailing,2757.9
2010-01-01,Other retailing,2759.1
2010-02-01,Other retailing,2752.2
2010-03-01,Other retailing,2763.5
2010-04-01,Other retailing,2764.1
2010-05-01,Other retailing,2772.7
2010-06-01,Other retailing,2785.7
2010-07-01,Other retailing,2805.0
2010-08-01,Other retailing,2878.7
2010-09-01,Other retailing,2868.5
2010-10-01,Other retailing,2835.7
2010-11-01,Other retailing,2847.8
2010-12-01,Other retailing,2857.6
2011-01-01,Other retailing,2896.1
2011-02-01,Other retailing,2910.7
2011-03-01,Other retailing,2924.1
2011-04-01,Other retailing,2963.6
2011-05-01,Other retailing,2952.5
2011-06-01,Other retailing,2981.9
2011-07-01,Other retailing,3057.4
2011-08-01,Other retailing,3047.7
2011-09-01,Other retailing,3037.8
2011-10-01,Other retailing,3042.0
2011-11-01,Other retailing,3018.6
2011-12-01,Other retailing,3075.5
2012-01-01,Other retailing,3043.9
2012-02-01,Other retailing,3079.4
2012-03-01,Other retailing,3101.8
2012-04-01,Other retailing,3098.0
2012-05-01,Other retailing,3112.1
2012-06-01,Other retailing,3154.9
2012-07-01,Other retailing,3092.5
2012-08-01,Other retailing,3080.6
2012-09-01,Other retailing,3114.2
2012-10-01,Other retailing,3085.1
2012-11-01,Other retailing,3093.0
2012-12-01,Other retailing,3076.5
2013-01-01,Other retailing,3105.1
2013-02-01,Other retailing,3128.2
2013-03-01,Other retailing,3111.1
2013-04-01,Other retailing,3133.2
2013-05-01,Other retailing,3180.0
2013-06-01,Other retailing,3110.3
2013-07-01,Other retailing,3116.1
2013-08-01,Other retailing,3084.2
2013-09-01,Other retailing,3170.6
2013-10-01,Other retailing,3198.2
2013-11-01,Other retailing,3279.5
2013-12-01,Other retailing,3222.5
2014-01-01,Other retailing,3239.3
2014-02-01,Other retailing,3290.9
2014-03-01,Other retailing,3261.1
2014-04-01,Other retailing,3272.2
2014-05-01,Other retailing,3260.8
2014-06-01,Other retailing,3267.9
2014-07-01,Other retailing,3275.0
2014-08-01,Other retailing,3324.4
2014-09-01,Other retailing,3308.8
2014-10-01,Other retailing,3345.0
2014-11-01,Other retailing,3266.8
2014-12-01,Other retailing,3304.6
2015-01-01,Other retailing,3333.8
2015-02-01,Other retailing,3398.8
2015-03-01,Other retailing,3372.8
2015-04-01,Other retailing,3355.1
2015-05-01,Other retailing,3368.8
2015-06-01,Other retailing,3434.6
2015-07-01,Other retailing,3402.6
2015-08-01,Other retailing,3455.5
2015-09-01,Other retailing,3505.4
2015-10-01,Other retailing,3501.9
2015-11-01,Other retailing,3487.0
2015-12-01,Other retailing,3484.4
2016-01-01,Other retailing,3554.8
2016-02-01,Other retailing,3551.0
2016-03-01,Other retailing,3560.5
2016-04-01,Other retailing,3587.4
2016-05-01,Other retailing,3603.4
2016-06-01,Other retailing,3610.0
2016-07-01,Other retailing,3617.6
2016-08-01,Other retailing,3581.3
2016-09-01,Other retailing,3623.7
2016-10-01,Other retailing,3630.2
2016-11-01,Other retailing,3649.0
2016-12-01,Other retailing,3655.9
2017-01-01,Other retailing,3616.3
2017-02-01,Other retailing,3641.5
2017-03-01,Other retailing,3696.8
2017-04-01,Other retailing,3697.8
2017-05-01,Other retailing,3713.3
2017-06-01,Other retailing,3719.7
2017-07-01,Other retailing,3752.2
2017-08-01,Other retailing,3746.0
2017-09-01,Other retailing,3709.5
2017-10-01,Other retailing,3676.7
2017-11-01,Other retailing,3771.2
2017-12-01,Other retailing,3743.3
2018-01-01,Other retailing,3757.2
2018-02-01,Other retailing,3767.9
2018-03-01,Other retailing,3759.3
2018-04-01,Other retailing,3752.7
2018-05-01,Other retailing,3759.6
2018-06-01,Other retailing,3790.5
2018-07-01,Other retailing,3850.9
2018-08-01,Other retailing,3891.8
2018-09-01,Other retailing,3870.9
2018-10-01,Other retailing,3891.7
2018-11-01,Other retailing,3860.8
2018-12-01,Other retailing,3899.0
2019-01-01,Other retailing,3895.1
2019-02-01,Other retailing,3909.7
2019-03-01,Other retailing,3883.0
2019-04-01,Other retailing,3907.0
2019-05-01,Other retailing,3931.0
2019-06-01,Other retailing,3968.3
2019-07-01,Other retailing,3964.4
2019-08-01,Other retailing,3998.7
2019-09-01,Other retailing,4002.2
2019-10-01,Other retailing,3994.6
2019-11-01,Other retailing,3931.5
2019-12-01,Other retailing,3995.7
2020-01-01,Other retailing,3964.9
2020-02-01,Other retailing,3991.3
2020-03-01,Other retailing,4594.1
2020-04-01,Other retailing,3962.7
2020-05-01,Other retailing,4305.5
2020-06-01,Other retailing,4329.6
2020-07-01,Other retailing,4562.4
2020-08-01,Other retailing,4342.0
2020-09-01,Other retailing,4289.4
2020-10-01,Other retailing,4386.1
2020-11-01,Other retailing,4613.0
2020-12-01,Other retailing,4555.9
2021-01-01,Other retailing,4563.7
2021-02-01,Other retailing,4551.5
2021-03-01,Other retailing,4577.2
2021-04-01,Other retailing,4646.2
2021-05-01,Other retailing,4662.1
2021-06-01,Other retailing,4621.5
2021-07-01,Other retailing,4673.4
2021-08-01,Other retailing,4713.7
2021-09-01,Other retailing,4820.8
2021-10-01,Other retailing,4926.5
2021-11-01,Other retailing,5130.8
2021-12-01,Other retailing,5152.6
2022-01-01,Other retailing,5264.3
2022-02-01,Other retailing,5211.0
2022-03-01,Other retailing,5278.0
2022-04-01,Other retailing,5322.1
2022-05-01,Other retailing,5367.1
2022-06-01,Other retailing,5406.0
2022-07-01,Other retailing,5493.5
2022-08-01,Other retailing,5365.0
2022-09-01,Other retailing,5381.3
2022-10-01,Other retailing,5386.5
2022-11-01,Other retailing,5407.8
2022-12-01,Other retailing,5318.9
2023-01-01,Other retailing,5376.8
2023-02-01,Other retailing,5383.5
2023-03-01,Other retailing,5368.1
2023-04-01,Other retailing,5358.5
2023-05-01,Other retailing,5473.8
2023-06-01,Other retailing,5339.4
2023-07-01,Other retailing,5373.1
2023-08-01,Other retailing,5382.2
2023-09-01,Other retailing,5470.3
2023-10-01,Other retailing,5395.7
2023-11-01,Other retailing,5461.6
2023-12-01,Other retailing,5444.4
2024-01-01,Other retailing,5508.2
2024-02-01,Other retailing,5537.9
2024-03-01,Other retailing,5516.9
2024-04-01,Other retailing,5627.1
2024-05-01,Other retailing,5645.0
2024-06-01,Other retailing,5660.4
2024-07-01,Other retailing,5660.6
2024-08-01,Other retailing,5750.1
2024-09-01,Other retailing,5756.9
2024-10-01,Other retailing,5837.7
2024-11-01,Other retailing,5846.9
2024-12-01,Other retailing,5741.9
2025-01-01,Other retailing,5893.3
2025-02-01,Other retailing,5839.0
2025-03-01,Other retailing,5885.2
2025-04-01,Other retailing,5935.3
2025-05-01,Other retailing,5938.3
2025-06-01,Other retailing,6052.4
