,Turnover ;  Total (State) ;  Food retailing ;,Turnover ;  Total (State) ;  Household goods retailing ;,"Turnover ;  Total (State) ;  Clothing, footwear and personal accessory retailing ;",Turnover ;  Total (State) ;  Department stores ;,Turnover ;  Total (State) ;  Other retailing ;,"Turnover ;  Total (State) ;  Cafes, restaurants and takeaway food services ;",Turnover ;  Total (State) ;  Total (Industry) ;,Turnover ;  Total (State) ;  Food retailing ;,Turnover ;  Total (State) ;  Household goods retailing ;,"Turnover ;  Total (State) ;  Clothing, footwear and personal accessory retailing ;",Turnover ;  Total (State) ;  Department stores ;,Turnover ;  Total (State) ;  Other retailing ;,"Turnover ;  Total (State) ;  Cafes, restaurants and takeaway food services ;",Turnover ;  Total (State) ;  Total (Industry) ;,Turnover ;  Total (State) ;  Food retailing ;,Turnover ;  Total (State) ;  Household goods retailing ;,"Turnover ;  Total (State) ;  Clothing, footwear and personal accessory retailing ;",Turnover ;  Total (State) ;  Department stores ;,Turnover ;  Total (State) ;  Other retailing ;,"Turnover ;  Total (State) ;  Cafes, restaurants and takeaway food services ;",Turnover ;  Total (State) ;  Total (Industry) ;
Unit,$ Millions,$ Millions,$ Millions,$ Millions,$ Millions,$ Millions,$ Millions,$ Millions,$ Millions,$ Millions,$ Millions,$ Millions,$ Millions,$ Millions,$ Millions,$ Millions,$ Millions,$ Millions,$ Millions,$ Millions,$ Millions
Series Type,Original,Original,Original,Original,Original,Original,Original,Seasonally Adjusted,Seasonally Adjusted,Seasonally Adjusted,Seasonally Adjusted,Seasonally Adjusted,Seasonally Adjusted,Seasonally Adjusted,Trend,Trend,Trend,Trend,Trend,Trend,Trend
Data Type,FLOW,FLOW,FLOW,FLOW,FLOW,FLOW,FLOW,FLOW,FLOW,FLOW,FLOW,FLOW,FLOW,FLOW,FLOW,FLOW,FLOW,FLOW,FLOW,FLOW,FLOW
Frequency,Month,Month,Month,Month,Month,Month,Month,Month,Month,Month,Month,Month,Month,Month,Month,Month,Month,Month,Month,Month,Month
Collection Month,1,1,1,1,1,1,1,1,1,1,1,1,1,1,1,1,1,1,1,1,1
Series Start,Apr-1982,Apr-1982,Apr-1982,Apr-1982,Apr-1982,Apr-1982,Apr-1982,Apr-1982,Apr-1982,Apr-1982,Apr-1982,Apr-1982,Apr-1982,Apr-1982,Apr-1982,Apr-1982,Apr-1982,Apr-1982,Apr-1982,Apr-1982,Apr-1982
Series End,Jun-2025,Jun-2025,Jun-2025,Jun-2025,Jun-2025,Jun-2025,Jun-2025,Jun-2025,Jun-2025,Jun-2025,Jun-2025,Jun-2025,Jun-2025,Jun-2025,Jun-2025,Jun-2025,Jun-2025,Jun-2025,Jun-2025,Jun-2025,Jun-2025
No. Obs,519,519,519,519,519,519,519,519,519,519,519,519,519,519,519,519,519,519,519,519,519
Series ID,A3348591K,A3348600A,A3348609W,A3348618X,A3348627A,A3348636C,A3348582J,A3348594T,A3348603J,A3348612K,A3348621L,A3348630R,A3348639K,A3348585R,A3348597X,A3348606R,A3348615T,A3348624V,A3348633W,A3348642X,A3348588W
Apr-1982,1162.6,592.3,359.9,460.1,479.1,342.4,3396.4,1166.8,653.4,360.6,480.4,507.8,349.7,3518.7,1172.8,652.8,362.6,483.1,505.0,347.5,3523.4
May-1982,1150.9,629.6,386.6,502.6,486.1,342.1,3497.9,1178.2,648.7,362.5,489.9,502.2,346.3,3527.6,1181.3,654.1,361.9,484.8,504.8,346.3,3533.6
Jun-1982,1160.0,607.4,350.5,443.8,467.5,328.7,3357.8,1203.4,655.7,365.1,479.8,506.8,350.8,3561.5,1192.4,655.7,361.8,487.0,504.6,345.8,3547.0
Jul-1982,1206.4,632.4,359.3,459.1,491.1,338.5,3486.8,1209.5,660.5,361.9,476.9,503.6,341.5,3553.9,1202.8,656.6,361.5,489.1,505.3,345.4,3560.6
Aug-1982,1152.5,622.6,325.2,438.4,485.7,331.5,3355.9,1198.2,659.8,359.2,516.1,505.9,342.6,3581.8,1213.2,656.5,361.9,490.3,505.5,346.3,3573.6
Sep-1982,1189.1,622.0,346.3,465.1,489.9,341.9,3454.3,1217.8,661.6,363.8,485.3,506.2,346.5,3581.2,1223.5,655.7,363.4,489.2,506.1,348.6,3586.7
Oct-1982,1247.4,637.8,354.2,452.7,500.9,358.4,3551.5,1242.1,649.5,359.0,483.0,507.9,354.1,3595.6,1232.7,658.2,366.2,486.1,508.5,353.4,3605.8
Nov-1982,1280.7,717.2,403.9,522.9,531.1,374.7,3830.5,1260.1,658.1,375.0,488.8,509.5,360.1,3651.7,1244.7,667.3,370.6,483.8,513.2,358.6,3637.7
Dec-1982,1483.7,1077.0,571.4,889.3,725.2,433.1,5179.7,1245.4,670.3,375.8,479.2,517.9,361.8,3650.4,1258.2,681.0,376.1,484.6,519.2,364.3,3681.0
Jan-1983,1202.8,615.9,326.5,379.2,491.4,368.6,3384.5,1240.9,703.2,386.2,470.4,525.7,369.4,3695.6,1268.6,694.9,381.9,489.0,525.2,367.7,3729.5
Feb-1983,1224.2,621.7,298.7,378.0,499.1,348.1,3369.8,1311.9,712.4,379.1,503.3,536.4,377.9,3821.0,1281.3,707.0,385.9,496.0,530.1,368.6,3773.4
Mar-1983,1332.4,719.1,377.2,472.1,538.7,365.8,3805.3,1293.2,728.2,395.2,503.3,536.9,366.0,3822.8,1289.0,715.6,389.7,503.4,534.3,369.0,3807.6
Apr-1983,1270.9,633.4,412.5,503.4,493.8,351.1,3665.1,1301.1,722.3,423.9,537.5,536.0,364.4,3885.2,1298.6,717.6,391.8,508.1,538.6,368.5,3831.1
May-1983,1251.7,697.9,418.5,510.6,520.8,360.5,3760.0,1293.7,710.0,390.3,494.0,538.4,366.7,3793.2,1307.1,718.4,395.4,510.3,542.2,369.6,3848.5
Jun-1983,1269.3,661.8,383.0,462.4,507.3,347.1,3630.8,1308.6,713.9,396.2,505.2,546.1,369.3,3839.4,1316.5,717.5,399.1,510.7,546.5,371.0,3865.1
Jul-1983,1292.8,656.9,384.0,468.3,519.9,364.5,3686.5,1330.6,706.1,402.0,507.4,549.1,375.9,3871.1,1327.4,718.8,402.5,510.9,551.2,373.2,3885.6
Aug-1983,1337.0,711.0,379.9,458.2,554.2,376.0,3816.3,1349.4,733.8,406.3,516.8,559.8,379.4,3945.5,1341.8,722.8,405.0,512.0,556.4,375.2,3912.6
Sep-1983,1322.8,690.3,402.0,482.7,547.9,377.6,3823.4,1353.3,727.2,418.2,508.2,564.4,380.0,3951.4,1355.4,730.8,407.0,514.2,561.6,376.4,3942.9
Oct-1983,1355.4,714.6,395.8,485.3,553.5,374.1,3878.7,1362.2,739.9,406.2,526.6,565.3,372.2,3972.3,1365.3,738.0,408.2,516.2,565.9,377.3,3971.4
Nov-1983,1410.9,815.5,431.7,568.7,594.1,390.6,4211.5,1377.3,744.2,399.1,521.0,567.0,374.8,3983.3,1371.1,744.5,410.0,517.7,569.3,379.2,3996.3
Dec-1983,1642.3,1197.8,626.0,963.7,795.5,459.0,5684.3,1383.1,750.3,413.5,515.2,572.5,383.1,4017.6,1372.8,749.5,414.6,519.1,572.5,382.8,4018.8
Jan-1984,1314.5,684.2,357.6,414.7,538.8,388.8,3698.5,1368.8,771.5,421.1,510.0,576.7,391.2,4039.3,1372.8,750.9,419.6,521.3,575.7,388.7,4040.1
Feb-1984,1335.4,698.5,346.0,414.5,561.6,377.1,3733.2,1368.9,768.7,421.4,531.1,577.8,393.3,4061.2,1375.0,748.6,425.5,525.7,578.8,395.0,4061.2
Mar-1984,1388.8,746.0,419.0,484.7,574.6,397.8,4010.9,1363.0,773.5,444.0,534.6,582.7,401.1,4098.9,1380.1,747.4,430.1,532.4,582.2,400.2,4082.3
Apr-1984,1346.5,634.7,406.9,487.3,529.7,383.3,3788.4,1402.3,734.4,430.9,542.3,584.1,403.8,4097.7,1389.1,744.1,431.3,541.1,584.4,403.7,4101.7
May-1984,1404.3,755.0,480.9,597.9,590.1,414.0,4242.3,1400.5,741.7,431.6,547.7,589.3,411.5,4122.3,1398.9,742.4,431.2,550.6,586.4,406.1,4120.1
Jun-1984,1367.6,677.2,403.1,500.4,542.2,381.5,3872.1,1407.0,731.3,419.1,545.6,585.6,404.5,4093.2,1409.1,742.9,430.1,559.4,588.4,407.4,4139.1
Jul-1984,1361.6,708.7,411.9,543.4,559.4,393.0,3978.0,1427.7,763.3,434.4,593.7,595.8,408.8,4223.6,1418.9,746.2,430.2,566.4,591.2,408.3,4160.4
Aug-1984,1436.7,740.9,414.5,503.4,591.6,409.0,4096.1,1425.5,750.3,434.1,559.4,589.1,406.8,4165.1,1426.4,753.1,430.9,571.3,595.6,408.9,4184.7
Sep-1984,1355.6,679.0,392.1,522.8,557.2,394.7,3901.4,1427.3,751.7,429.0,579.5,596.6,408.8,4192.8,1434.4,759.8,433.2,575.1,600.5,410.5,4212.2
Oct-1984,1462.7,769.3,446.3,556.6,614.5,424.5,4274.0,1442.5,762.7,440.0,576.9,608.4,414.2,4244.7,1445.2,763.2,437.5,577.9,605.7,412.3,4241.5
Nov-1984,1501.4,859.3,484.8,623.2,651.8,436.5,4557.1,1456.7,775.7,442.9,578.2,617.5,416.0,4287.0,1456.1,765.2,442.1,580.7,610.7,415.2,4270.9
Dec-1984,1686.6,1174.6,638.8,1039.4,820.0,488.1,5847.5,1469.1,778.3,441.2,581.0,612.9,419.1,4301.7,1468.5,768.0,446.9,585.6,615.1,418.2,4303.0
Jan-1985,1484.7,703.0,401.6,516.3,598.9,425.6,4130.0,1488.4,764.1,455.0,596.2,618.4,418.9,4341.1,1479.8,774.2,452.9,593.7,618.6,421.3,4339.8
Feb-1985,1397.0,669.4,368.2,452.5,577.9,391.8,3856.8,1492.6,766.4,466.5,607.1,620.9,425.8,4379.3,1491.5,783.3,459.1,604.5,620.4,424.6,4383.3
Mar-1985,1495.0,742.2,418.3,525.8,599.6,416.1,4196.9,1497.5,793.2,459.6,604.6,624.2,427.6,4406.6,1504.0,793.3,465.4,615.6,623.1,428.7,4431.0
Apr-1985,1474.9,721.6,450.3,587.7,574.6,419.8,4228.9,1513.3,813.9,467.3,624.7,621.6,436.0,4476.7,1517.2,807.1,471.6,625.8,627.0,434.3,4482.6
May-1985,1556.8,855.8,540.1,700.3,639.9,446.2,4739.1,1535.3,831.3,481.0,656.1,632.5,440.4,4576.7,1533.4,818.6,477.3,633.7,632.6,439.8,4535.2
Jun-1985,1453.7,742.3,452.3,561.8,573.5,406.8,4190.3,1543.0,829.8,487.8,633.0,639.1,442.3,4575.1,1551.6,827.9,482.7,638.8,638.5,446.8,4586.1
Jul-1985,1558.6,799.9,476.4,602.8,628.6,448.5,4514.6,1589.5,834.2,486.0,636.6,648.0,455.1,4649.3,1570.5,837.0,488.1,641.5,644.7,454.7,4635.5
Aug-1985,1585.7,815.5,467.0,582.5,649.6,466.0,4566.3,1574.0,832.4,493.5,639.6,651.9,464.1,4655.3,1587.7,845.3,494.6,643.0,650.5,463.0,4684.6
Sep-1985,1518.0,776.8,452.6,563.1,614.7,455.2,4380.3,1606.7,851.6,490.0,646.4,656.4,470.6,4721.8,1604.2,855.3,501.0,645.0,656.7,471.0,4734.3
Oct-1985,1655.7,881.3,522.9,637.1,667.0,493.6,4857.7,1627.2,864.4,509.2,649.0,657.3,481.0,4788.2,1618.4,866.9,506.0,647.7,663.6,477.5,4779.9
Nov-1985,1667.3,973.2,557.3,697.1,704.6,505.6,5105.0,1623.0,890.5,519.3,644.3,669.9,484.3,4831.2,1630.2,875.5,507.8,649.1,669.6,483.1,4814.7
Dec-1985,1867.3,1351.7,749.7,1187.5,908.1,563.9,6628.2,1647.2,895.3,515.4,652.3,681.0,486.0,4877.1,1641.5,878.0,507.2,649.6,675.8,487.3,4839.5
Jan-1986,1674.4,812.6,447.0,570.5,666.1,504.3,4674.9,1652.5,870.5,498.5,664.1,681.7,493.5,4860.9,1654.7,878.7,504.9,648.8,681.0,491.5,4860.4
Feb-1986,1558.5,763.6,399.4,478.2,641.5,452.9,4294.1,1666.7,874.8,505.6,647.9,692.0,492.7,4879.8,1668.2,881.0,503.7,648.4,686.8,497.1,4884.9
Mar-1986,1676.6,768.0,419.6,547.4,636.2,480.3,4528.0,1678.8,862.4,479.8,625.8,679.3,500.5,4826.5,1683.7,885.2,504.1,649.6,692.8,504.2,4919.1
Apr-1986,1643.7,827.0,504.5,594.3,662.4,497.2,4729.0,1694.8,897.9,511.1,643.8,701.3,511.6,4960.5,1701.4,893.8,507.8,653.9,698.4,511.6,4967.1
May-1986,1746.5,935.1,588.2,751.6,709.8,530.8,5261.9,1723.9,918.2,533.9,705.7,708.3,528.0,5118.0,1720.2,905.0,514.2,661.7,703.7,519.4,5024.2
Jun-1986,1638.5,833.6,485.7,553.4,641.8,484.8,4637.8,1750.8,922.9,518.0,632.6,712.3,524.4,5060.9,1736.0,917.3,518.8,671.0,710.2,528.4,5080.1
Jul-1986,1721.8,878.2,507.2,663.2,692.9,526.3,4989.5,1743.1,907.5,511.9,690.2,711.8,530.9,5095.5,1749.1,922.4,522.1,679.4,716.3,535.4,5125.6
Aug-1986,1720.9,898.1,484.5,581.1,700.8,538.4,4923.8,1757.4,945.8,531.1,688.8,723.4,548.5,5195.0,1757.2,924.3,524.3,685.6,721.9,542.1,5156.7
Sep-1986,1705.7,862.3,496.9,661.9,698.1,537.4,4962.2,1769.7,918.0,523.0,705.9,725.6,546.2,5188.3,1765.2,923.3,525.1,689.2,727.4,546.7,5177.8
Oct-1986,1816.4,950.6,545.5,665.6,756.7,570.4,5305.1,1763.4,918.4,522.2,685.1,737.4,550.9,5177.3,1772.3,922.4,525.5,692.0,733.1,551.5,5196.8
Nov-1986,1774.7,968.2,545.8,700.9,750.1,563.8,5303.5,1787.6,920.1,530.1,669.6,736.5,555.1,5199.0,1782.6,922.2,526.6,695.4,738.2,556.2,5220.3
Dec-1986,2073.6,1414.0,804.4,1367.9,1017.0,663.2,7340.0,1782.8,917.2,536.1,715.7,741.6,559.3,5252.8,1794.5,923.1,528.2,698.7,744.0,559.8,5247.4
Jan-1987,1830.7,861.1,461.1,613.9,726.9,571.6,5065.3,1807.4,928.9,518.6,705.8,753.0,563.2,5277.0,1807.4,925.2,528.0,700.9,750.9,562.6,5275.2
Feb-1987,1710.1,812.5,417.6,513.2,701.3,525.1,4679.8,1830.8,930.8,528.3,702.8,759.6,570.9,5323.2,1817.9,928.7,530.4,704.6,758.4,566.0,5306.3
Mar-1987,1791.0,862.3,479.3,599.9,716.8,543.6,4993.0,1833.7,939.2,538.4,711.8,756.9,563.9,5344.0,1829.1,934.1,535.3,709.5,766.0,568.2,5341.5
Apr-1987,1824.4,846.8,528.6,674.1,733.9,558.1,5166.0,1827.9,936.9,539.4,708.2,782.6,571.5,5366.6,1837.5,939.0,541.5,715.2,774.1,571.7,5380.2
May-1987,1823.3,933.6,585.4,714.0,764.8,565.1,5386.3,1847.9,945.1,552.5,710.3,781.4,575.9,5413.0,1845.9,948.3,550.7,720.9,782.6,576.6,5423.8
Jun-1987,1761.9,886.2,529.5,670.5,728.4,542.3,5118.9,1854.2,951.4,551.3,723.2,789.0,576.4,5445.4,1852.8,959.4,559.9,725.5,789.4,582.7,5470.8
Jul-1987,1856.9,958.9,579.7,720.9,779.7,598.6,5494.6,1850.9,976.6,575.0,760.9,792.2,598.3,5553.8,1860.1,976.9,568.8,727.8,794.9,590.6,5519.7
Aug-1987,1821.0,938.2,518.6,601.6,773.7,583.7,5236.7,1881.4,998.6,574.8,724.3,804.3,598.3,5581.7,1873.7,993.4,573.9,727.5,799.4,596.9,5564.9
Sep-1987,1830.0,953.0,563.1,672.3,783.9,592.7,5395.1,1883.5,1008.0,586.0,714.1,804.0,599.6,5595.2,1885.7,1009.4,576.0,726.5,802.4,603.2,5601.9
Oct-1987,1942.4,1058.8,596.6,709.1,814.1,623.3,5744.4,1888.8,1032.5,577.4,720.6,801.0,605.8,5626.2,1896.3,1020.8,575.7,726.4,803.8,607.1,5630.0
Nov-1987,1885.9,1084.6,587.2,743.2,822.0,621.9,5745.0,1915.6,1030.8,569.1,720.0,804.5,612.8,5652.9,1905.3,1029.4,574.7,728.6,804.8,609.3,5652.9
Dec-1987,2272.4,1576.1,864.5,1460.1,1109.6,739.8,8022.4,1934.7,1032.7,570.7,739.3,810.7,623.0,5711.1,1914.0,1037.4,577.0,734.2,804.4,610.7,5677.6
Jan-1988,1885.1,938.9,487.0,631.0,757.4,605.0,5304.4,1904.1,1032.4,559.0,758.8,801.2,603.8,5659.4,1921.8,1046.5,578.4,742.4,808.1,613.9,5711.3
Feb-1988,1845.2,968.3,502.6,551.1,773.5,586.1,5226.8,1910.8,1065.6,612.6,739.4,810.1,612.3,5750.7,1934.4,1055.8,585.0,750.3,812.1,618.6,5755.8
Mar-1988,2021.6,1035.6,551.0,678.1,818.0,625.3,5729.7,1950.4,1071.4,592.4,748.9,820.3,623.2,5806.5,1946.7,1067.8,589.8,755.3,819.2,627.4,5806.8
Apr-1988,1937.5,945.3,563.1,715.7,753.7,611.9,5527.3,1982.0,1062.2,588.5,766.4,823.6,640.2,5862.7,1959.7,1080.6,594.8,757.4,828.3,638.9,5858.9
May-1988,1907.0,1074.9,619.6,740.8,814.9,630.5,5787.8,1980.5,1102.0,596.4,764.7,842.1,650.7,5936.4,1972.1,1091.1,600.3,757.5,837.5,650.1,5908.5
Jun-1988,1925.7,1053.6,601.6,722.0,800.8,635.5,5739.2,1984.8,1110.4,608.0,757.3,852.6,663.6,5976.7,1983.6,1096.6,608.2,757.4,847.5,659.1,5953.1
Jul-1988,1932.6,1045.1,592.7,683.5,810.1,658.7,5722.7,1976.4,1100.3,611.1,752.6,856.3,672.1,5968.7,1998.4,1097.5,617.3,759.3,856.3,662.4,5992.9
Aug-1988,1977.6,1073.4,578.0,650.9,850.9,656.4,5787.3,2009.0,1103.5,624.9,754.4,867.1,665.2,6024.2,2019.5,1098.4,627.5,764.1,866.7,662.3,6037.7
Sep-1988,2035.2,1040.7,641.7,723.3,845.5,660.0,5946.3,2049.3,1083.6,653.0,765.3,868.4,659.0,6078.6,2043.2,1102.6,637.9,770.7,878.8,663.5,6095.0
Oct-1988,2050.7,1092.9,650.2,729.6,872.1,670.2,6065.8,2075.0,1099.2,652.9,784.3,889.7,665.9,6166.9,2071.0,1113.2,644.7,777.7,891.6,664.9,6162.4
Nov-1988,2109.5,1210.9,664.4,870.3,945.0,670.8,6470.9,2100.2,1124.2,633.7,795.5,904.3,653.9,6211.8,2099.2,1127.5,649.4,783.0,903.4,672.4,6234.6
Dec-1988,2549.7,1714.8,956.3,1570.0,1321.2,773.9,8885.8,2132.4,1155.4,637.1,791.0,924.0,667.9,6307.8,2121.6,1147.5,652.1,784.3,916.4,682.1,6301.5
Jan-1989,2056.1,1089.2,598.0,631.5,872.7,732.8,5980.3,2135.1,1197.5,684.3,779.7,941.6,721.0,6459.3,2138.4,1165.7,656.6,782.2,924.1,693.0,6356.4
Feb-1989,1990.2,1021.5,517.0,552.0,832.7,660.7,5574.1,2135.9,1161.6,652.4,762.1,913.7,713.3,6339.1,2152.2,1179.6,656.4,779.3,930.8,707.3,6400.6
Mar-1989,2261.2,1107.0,593.0,719.0,905.5,713.2,6299.0,2156.3,1177.0,651.7,788.6,930.4,716.7,6420.8,2163.1,1187.9,655.6,778.6,935.8,718.0,6438.0
Apr-1989,2104.6,1089.0,632.3,697.6,858.2,693.9,6075.7,2197.5,1199.9,655.5,780.5,941.1,719.1,6493.7,2178.5,1193.5,655.3,782.2,940.5,727.2,6475.5
May-1989,2139.0,1203.6,679.5,764.8,940.9,710.0,6437.8,2173.2,1203.3,641.5,774.3,955.6,726.5,6474.6,2195.3,1197.0,653.2,789.0,947.9,735.4,6517.9
Jun-1989,2170.3,1151.9,661.4,786.3,885.8,721.7,6377.4,2215.4,1205.1,663.1,808.7,954.4,750.0,6596.8,2215.8,1201.1,652.5,797.1,955.3,742.5,6565.1
Jul-1989,2163.1,1135.8,634.6,715.1,897.7,741.3,6287.5,2245.1,1201.8,658.1,806.9,959.5,760.9,6632.3,2236.4,1206.8,653.6,804.6,964.2,750.8,6617.0
Aug-1989,2255.1,1161.5,603.0,723.8,947.4,745.5,6436.4,2258.2,1191.0,646.5,816.5,965.3,753.4,6631.0,2256.8,1213.1,655.2,810.5,972.1,761.5,6669.4
Sep-1989,2262.6,1174.0,636.3,757.9,967.7,766.9,6565.5,2292.5,1227.6,659.7,810.1,994.0,771.0,6754.9,2274.8,1218.6,657.4,814.7,979.0,772.5,6717.7
Oct-1989,2221.7,1217.4,651.2,751.7,969.8,793.7,6605.4,2270.0,1222.7,653.5,807.1,988.9,789.7,6731.8,2291.3,1221.2,659.2,817.1,987.4,785.6,6762.3
Nov-1989,2327.5,1351.2,709.5,923.8,1034.8,807.5,7154.3,2283.5,1252.8,667.8,829.4,982.1,779.8,6795.4,2307.3,1222.2,660.1,818.0,996.5,799.9,6800.7
Dec-1989,2788.4,1714.2,964.7,1569.4,1415.0,942.7,9394.4,2371.2,1208.0,660.8,819.0,1006.0,822.1,6887.2,2322.4,1214.3,659.2,817.6,1006.0,810.8,6831.1
Jan-1990,2277.4,1128.5,604.5,678.2,965.4,857.5,6511.6,2315.1,1192.5,665.5,817.6,1015.0,836.2,6841.9,2336.3,1207.5,660.7,817.6,1011.6,823.5,6857.3
Feb-1990,2185.3,1048.0,516.7,586.2,930.4,764.4,6031.0,2352.9,1191.9,649.7,811.1,1026.1,823.6,6855.3,2351.3,1201.0,660.1,817.7,1016.9,831.4,6880.4
Mar-1990,2439.5,1148.2,604.4,726.8,990.1,840.3,6749.3,2364.2,1195.0,659.6,821.7,1021.6,841.8,6903.8,2366.5,1201.1,661.7,819.1,1022.5,834.4,6905.2
Apr-1990,2286.0,1083.7,635.3,744.1,922.4,804.6,6476.1,2374.1,1210.8,667.8,821.3,1016.8,834.8,6925.6,2381.9,1202.8,665.1,822.3,1025.9,836.2,6933.1
May-1990,2382.9,1211.6,712.9,815.5,1016.2,808.9,6947.9,2390.7,1214.0,669.2,812.2,1035.3,825.5,6946.9,2394.2,1206.9,669.2,826.6,1028.2,836.7,6959.0
Jun-1990,2361.9,1160.4,664.7,832.4,940.5,799.0,6758.9,2425.3,1214.3,674.1,853.7,1016.6,838.6,7022.6,2403.3,1207.4,672.3,830.3,1027.4,836.1,6979.2
Jul-1990,2302.9,1136.2,647.9,710.3,961.2,815.0,6573.5,2417.3,1197.4,673.8,818.3,1030.8,840.1,6977.7,2413.5,1204.6,675.0,831.9,1028.6,834.1,6988.8
Aug-1990,2469.0,1186.0,639.4,759.4,1029.4,828.0,6911.2,2425.2,1200.5,680.7,846.4,1036.5,836.6,7025.9,2422.2,1196.9,676.7,831.1,1025.3,831.5,6987.7
Sep-1990,2307.8,1111.3,636.0,741.1,980.6,812.4,6589.3,2411.9,1196.2,680.7,824.7,1026.0,822.1,6961.5,2436.8,1191.4,677.1,828.7,1021.2,826.5,6986.0
Oct-1990,2442.4,1215.3,682.8,786.6,1042.9,833.0,7002.9,2440.6,1179.9,669.2,814.9,1030.8,821.5,6956.9,2454.3,1189.2,677.5,825.9,1013.0,826.1,6991.9
Nov-1990,2553.4,1277.0,722.3,931.5,1066.6,851.5,7402.3,2483.9,1186.4,679.2,827.8,1012.8,821.1,7011.2,2476.2,1193.5,678.7,824.2,1007.3,824.8,7009.8
Dec-1990,2887.2,1659.5,985.8,1563.1,1373.0,945.7,9414.4,2498.7,1195.1,680.9,827.1,987.4,828.0,7017.2,2498.6,1200.3,680.8,825.1,1004.1,826.3,7038.9
Jan-1991,2551.9,1147.3,635.7,694.0,946.6,861.7,6837.2,2550.8,1204.8,681.7,818.0,998.3,832.5,7086.0,2518.2,1208.3,683.5,825.6,1004.2,824.5,7065.9
Feb-1991,2341.5,1094.5,551.5,604.7,921.3,771.1,6284.6,2520.5,1241.7,691.4,835.4,1022.5,830.3,7141.7,2526.2,1215.1,685.9,824.7,1009.1,825.6,7085.3
Mar-1991,2593.6,1133.5,603.0,719.2,975.4,813.3,6837.9,2536.8,1219.9,686.5,822.8,1020.8,819.6,7106.4,2533.0,1217.2,688.6,824.1,1016.7,827.3,7104.5
Apr-1991,2402.9,1136.3,686.3,748.2,938.5,797.4,6709.5,2515.6,1222.0,700.1,838.3,1021.6,824.6,7122.2,2538.1,1217.0,691.2,824.3,1026.2,829.1,7128.8
May-1991,2584.5,1205.3,735.1,828.2,1018.0,820.6,7191.7,2550.6,1198.3,687.3,817.4,1027.0,837.3,7117.9,2549.7,1218.5,695.1,827.6,1036.0,833.9,7167.2
Jun-1991,2410.0,1110.0,651.6,746.9,955.1,801.3,6674.9,2543.3,1200.7,674.7,782.9,1052.2,847.0,7100.9,2566.3,1224.6,699.3,833.5,1046.4,843.9,7222.5
Jul-1991,2540.0,1220.1,722.7,794.5,1040.2,829.4,7147.0,2609.0,1246.1,737.7,895.8,1084.5,851.4,7424.6,2587.4,1234.3,706.4,840.6,1053.2,859.0,7287.5
Aug-1991,2684.0,1231.6,664.8,770.4,1058.4,853.5,7262.7,2629.2,1263.5,712.1,844.8,1082.8,867.3,7399.6,2605.1,1243.1,709.9,847.5,1062.0,877.1,7350.2
Sep-1991,2452.1,1165.6,648.6,741.5,1008.2,882.0,6898.1,2593.5,1241.7,696.6,847.0,1050.2,891.6,7320.6,2616.7,1250.9,712.7,853.5,1063.1,892.1,7396.3
Oct-1991,2679.6,1312.5,753.0,858.6,1081.9,938.9,7624.4,2635.1,1270.8,729.4,863.0,1067.8,918.4,7484.6,2622.5,1251.2,717.0,857.2,1065.9,903.4,7420.6
Nov-1991,2693.4,1343.1,740.7,944.7,1128.7,953.8,7804.4,2636.3,1252.2,707.7,842.9,1069.4,927.9,7436.5,2626.5,1247.3,719.8,858.8,1069.0,910.7,7432.9
Dec-1991,2984.8,1660.7,1046.5,1600.3,1473.1,1048.3,9813.7,2620.4,1215.9,724.8,865.7,1064.1,919.8,7410.7,2633.6,1244.4,723.6,859.7,1075.8,917.0,7450.4
Jan-1992,2684.5,1203.5,695.3,740.0,1043.7,938.3,7305.3,2633.3,1239.2,732.9,867.1,1089.5,902.1,7464.1,2644.9,1245.9,727.8,862.3,1082.2,919.7,7484.3
Feb-1992,2562.4,1143.3,611.4,665.9,1003.6,861.5,6848.2,2645.5,1251.9,736.4,872.0,1081.9,895.3,7483.1,2664.9,1255.5,733.5,867.0,1088.7,926.6,7533.9
Mar-1992,2643.1,1199.5,645.5,701.5,1038.9,936.1,7164.6,2704.4,1273.4,729.1,854.2,1095.3,943.4,7599.8,2684.5,1264.7,736.0,869.8,1092.2,930.7,7580.6
Apr-1992,2707.1,1206.7,721.6,831.4,1036.8,932.0,7435.5,2717.8,1302.5,733.0,871.5,1110.0,949.7,7684.5,2705.7,1273.6,736.7,870.8,1091.1,935.0,7613.0
May-1992,2697.5,1228.4,769.2,878.6,1048.2,929.4,7551.4,2723.6,1267.1,745.8,885.9,1088.4,960.8,7671.5,2724.0,1275.9,735.0,870.1,1086.3,936.1,7627.0
Jun-1992,2584.2,1199.3,721.0,826.0,981.7,868.5,7180.7,2733.4,1263.2,733.7,875.0,1071.5,920.8,7597.5,2735.3,1279.1,731.4,869.9,1082.5,928.5,7626.4
Jul-1992,2754.7,1278.9,729.6,788.2,1044.4,891.3,7487.0,2743.8,1293.6,735.2,862.4,1077.1,905.5,7617.6,2741.4,1282.2,726.5,870.8,1080.6,922.0,7621.5
Aug-1992,2670.5,1194.8,633.8,723.6,1021.1,875.5,7119.3,2732.4,1265.7,704.1,851.4,1068.2,902.0,7523.9,2742.5,1288.7,720.2,872.9,1083.9,914.4,7623.8
Sep-1992,2665.6,1260.6,668.4,819.8,1077.5,914.1,7406.0,2754.4,1301.6,703.6,885.1,1092.4,919.3,7656.5,2743.5,1298.3,715.5,876.3,1092.4,911.1,7638.4
Oct-1992,2858.5,1379.7,747.9,902.5,1121.8,935.7,7946.1,2754.6,1334.8,723.6,887.8,1109.3,913.7,7723.9,2747.8,1311.4,714.7,880.8,1100.9,909.8,7664.7
Nov-1992,2700.6,1382.2,734.0,968.6,1169.8,931.8,7887.0,2748.8,1324.1,720.4,907.4,1126.4,911.3,7738.4,2755.0,1323.0,713.5,885.5,1108.6,909.4,7693.7
Dec-1992,3221.5,1817.1,1060.3,1650.9,1584.1,1045.8,10379.6,2737.7,1307.8,710.4,853.0,1117.7,906.8,7633.4,2764.4,1334.4,711.4,888.4,1112.1,904.4,7718.5
Jan-1993,2789.1,1292.7,663.8,762.1,1030.4,917.8,7455.9,2789.2,1363.3,711.5,910.9,1101.7,893.9,7770.5,2779.9,1348.5,707.8,891.7,1115.5,898.5,7741.0
Feb-1993,2610.6,1190.4,568.3,643.0,982.5,838.1,6833.0,2810.5,1345.8,707.2,886.9,1099.2,905.1,7754.6,2797.5,1358.2,705.4,895.5,1118.6,890.4,7765.1
Mar-1993,2795.8,1346.6,634.5,754.1,1096.6,869.8,7497.4,2811.4,1383.2,702.1,898.8,1130.7,869.3,7795.4,2816.2,1365.8,701.9,898.6,1123.9,882.7,7789.1
Apr-1993,2832.7,1274.5,668.0,840.7,1061.8,862.1,7539.8,2830.5,1375.6,677.6,889.6,1141.4,877.4,7792.1,2829.6,1371.4,700.9,899.1,1129.8,879.7,7811.2
May-1993,2773.6,1324.2,723.0,906.6,1095.7,852.1,7675.2,2843.0,1376.5,709.4,912.4,1147.6,879.9,7868.8,2838.4,1374.1,704.3,895.8,1135.6,878.2,7825.1
Jun-1993,2714.1,1308.6,711.5,887.1,1059.0,827.6,7507.9,2843.5,1364.4,722.5,931.7,1136.6,876.8,7875.6,2842.5,1374.5,706.8,890.4,1142.0,881.2,7834.7
Jul-1993,2876.2,1345.9,702.8,771.5,1095.6,882.3,7674.2,2859.4,1376.6,711.6,831.4,1143.2,896.6,7818.8,2843.8,1378.1,709.7,885.6,1149.6,886.6,7853.0
Aug-1993,2734.0,1300.5,639.9,728.7,1091.6,866.9,7361.4,2824.1,1377.6,707.2,873.3,1140.9,892.6,7815.7,2847.6,1389.3,709.5,883.4,1160.1,896.8,7887.1
Sep-1993,2805.7,1366.1,678.3,844.7,1165.8,904.9,7765.5,2851.8,1406.4,705.4,892.4,1177.6,903.6,7937.1,2854.6,1401.8,708.7,883.2,1174.2,908.8,7935.8
Oct-1993,2901.8,1438.0,703.9,886.9,1201.7,931.2,8063.3,2857.8,1421.4,699.5,901.5,1198.6,916.8,7995.8,2863.7,1418.8,708.2,886.3,1190.6,921.4,7998.9
Nov-1993,2872.4,1532.2,746.5,970.0,1285.1,963.0,8369.3,2895.8,1447.2,722.0,901.0,1226.5,941.3,8133.8,2876.3,1436.1,707.9,891.6,1205.3,936.8,8068.1
Dec-1993,3433.4,2011.8,1089.7,1710.5,1786.0,1099.5,11130.8,2892.5,1443.5,731.1,884.9,1244.5,957.2,8153.7,2889.1,1450.5,714.0,897.3,1217.1,951.5,8132.6
Jan-1994,2834.4,1373.4,665.3,745.7,1127.3,984.5,7730.6,2872.8,1449.5,713.4,885.9,1213.2,960.2,8095.0,2900.2,1460.6,718.8,903.7,1223.0,964.8,8184.3
Feb-1994,2724.2,1325.1,579.3,664.4,1100.6,901.6,7295.2,2929.9,1497.1,718.2,917.6,1238.5,974.4,8275.7,2912.3,1470.0,722.2,909.4,1226.9,972.7,8220.7
Mar-1994,3048.7,1451.4,685.9,821.5,1217.5,1015.2,8240.1,2940.7,1464.6,735.8,928.9,1234.3,990.1,8294.3,2921.8,1476.8,723.8,914.7,1233.3,976.4,8249.5
Apr-1994,2837.4,1334.8,709.4,831.7,1123.0,939.1,7775.5,2916.8,1475.0,735.2,905.5,1231.1,972.9,8236.5,2935.1,1484.8,723.4,917.8,1242.2,978.7,8281.2
May-1994,2848.7,1443.6,731.6,908.0,1187.7,941.4,8061.2,2948.0,1497.9,720.6,935.5,1247.2,972.1,8321.2,2952.0,1492.8,720.7,919.4,1253.3,981.9,8324.3
Jun-1994,2869.9,1456.0,695.9,912.6,1187.9,934.8,8057.1,2964.2,1504.8,703.8,939.7,1268.9,983.1,8364.4,2972.2,1501.7,719.9,920.7,1263.8,984.8,8381.3
Jul-1994,2953.3,1427.8,682.5,782.9,1216.9,1013.3,8076.6,3002.3,1485.7,710.0,864.6,1277.7,1036.2,8376.6,2995.7,1509.9,724.5,923.5,1274.0,1033.0,8444.9
Aug-1994,2964.7,1503.1,677.3,798.8,1261.3,1017.5,8222.7,3021.0,1551.1,736.8,935.9,1288.2,1038.5,8571.5,3019.8,1513.0,729.6,927.2,1282.1,1036.7,8506.0
Sep-1994,3013.5,1475.2,722.3,887.0,1271.9,1040.7,8410.6,3049.2,1515.4,747.5,954.3,1291.8,1044.4,8602.5,3043.6,1516.9,736.0,930.5,1287.3,1040.2,8557.8
Oct-1994,3081.6,1508.7,748.2,934.6,1303.5,1061.8,8638.4,3073.6,1503.2,750.6,950.1,1313.8,1044.5,8635.8,3064.1,1515.2,740.4,931.5,1287.8,1042.7,8593.5
Nov-1994,3082.7,1616.5,773.9,1000.4,1363.0,1070.2,8906.7,3071.0,1521.9,744.1,919.6,1286.0,1045.6,8588.1,3086.3,1516.2,745.1,931.2,1287.7,1045.0,8621.0
Dec-1994,3700.0,2058.9,1092.1,1817.5,1827.4,1188.3,11684.1,3109.8,1501.3,731.0,925.5,1288.2,1039.8,8595.6,3110.0,1519.7,748.7,931.0,1288.6,1050.0,8653.3
Jan-1995,3063.0,1463.9,703.5,752.4,1209.3,1076.3,8268.3,3132.9,1535.8,750.1,909.4,1299.6,1057.1,8684.8,3132.3,1530.2,753.0,932.1,1293.4,1057.1,8701.8
Feb-1995,2949.1,1373.3,615.7,682.5,1148.1,981.6,7750.3,3171.6,1552.9,763.1,946.0,1295.5,1063.3,8792.4,3160.6,1547.8,756.5,935.4,1302.8,1067.7,8771.1
Mar-1995,3244.4,1533.7,702.4,811.2,1266.3,1098.9,8656.9,3176.8,1562.2,760.6,947.0,1309.3,1086.3,8842.2,3191.4,1568.5,762.0,943.1,1314.7,1079.2,8856.5
Apr-1995,3151.0,1420.6,755.9,906.0,1213.2,1067.8,8514.5,3219.1,1581.7,787.9,966.0,1327.0,1091.5,8973.2,3223.4,1585.8,767.2,951.1,1328.9,1090.4,8944.5
May-1995,3200.0,1576.3,766.0,927.2,1307.7,1083.3,8860.4,3268.2,1595.7,748.2,944.7,1350.8,1108.1,9015.9,3254.4,1600.5,767.7,956.8,1345.0,1099.4,9025.8
Jun-1995,3179.6,1607.5,761.4,906.8,1267.7,1045.0,8767.9,3283.6,1646.7,774.5,956.5,1359.8,1100.6,9121.7,3282.6,1613.8,769.6,958.8,1360.3,1107.6,9093.0
Jul-1995,3212.0,1545.7,726.7,880.6,1302.7,1094.4,8762.1,3306.1,1614.6,761.6,954.5,1375.2,1114.9,9126.8,3312.2,1620.9,768.9,958.2,1372.5,1116.0,9149.0
Aug-1995,3342.3,1550.8,727.6,873.9,1360.0,1109.7,8964.4,3339.4,1606.2,776.2,986.7,1381.2,1120.1,9209.9,3340.5,1623.4,771.6,957.4,1381.8,1126.1,9198.9
Sep-1995,3301.7,1583.0,751.6,856.8,1377.1,1126.1,8996.2,3359.0,1633.7,781.2,931.6,1402.9,1138.5,9247.0,3365.8,1621.2,773.8,958.4,1387.7,1137.3,9245.2
Oct-1995,3369.8,1622.6,769.4,920.6,1365.9,1166.5,9214.9,3389.6,1616.2,772.3,963.5,1378.5,1150.6,9270.7,3388.4,1620.3,778.5,960.9,1390.8,1149.3,9287.2
Nov-1995,3485.3,1705.5,813.6,1067.4,1461.4,1194.3,9727.5,3417.3,1606.4,776.9,951.3,1376.9,1163.2,9292.1,3400.7,1618.2,783.1,964.3,1392.8,1160.8,9324.7
Dec-1995,3996.9,2212.4,1156.5,1857.2,1987.4,1314.7,12525.0,3436.8,1639.6,788.9,978.0,1409.4,1167.5,9420.2,3412.7,1619.7,785.0,967.3,1392.8,1169.8,9354.1
Jan-1996,3357.2,1580.7,754.8,833.1,1345.6,1213.1,9084.7,3390.2,1616.0,792.5,986.4,1415.4,1183.3,9383.7,3422.7,1624.2,787.8,969.9,1394.1,1176.7,9376.6
Feb-1996,3339.0,1485.5,662.9,737.1,1279.6,1128.0,8632.1,3432.2,1621.8,786.5,966.2,1395.6,1176.1,9378.3,3432.5,1627.3,787.0,971.4,1394.8,1180.1,9396.9
Mar-1996,3468.7,1582.6,717.6,812.0,1313.2,1180.0,9074.2,3436.8,1643.2,789.5,961.3,1388.1,1174.4,9393.2,3446.2,1638.1,788.2,972.0,1395.1,1180.8,9423.2
Apr-1996,3346.5,1498.9,758.2,895.2,1278.4,1169.3,8946.5,3463.0,1645.8,789.4,970.9,1389.7,1195.7,9454.5,3463.5,1654.1,789.1,972.2,1395.5,1178.3,9455.2
May-1996,3515.8,1644.5,807.1,962.8,1359.2,1145.7,9435.2,3489.3,1655.6,778.5,970.1,1395.6,1155.4,9444.4,3485.6,1672.6,789.7,972.1,1394.0,1174.3,9487.5
Jun-1996,3329.3,1610.9,755.8,908.6,1289.5,1109.0,9003.1,3515.5,1693.0,791.0,977.8,1408.5,1177.3,9563.1,3504.9,1688.7,791.0,970.5,1391.6,1165.2,9512.4
Jul-1996,3433.3,1695.0,777.9,908.0,1338.8,1138.1,9291.1,3527.8,1735.1,803.7,974.9,1384.5,1153.3,9579.2,3522.4,1698.8,792.1,967.7,1388.8,1154.3,9523.2
Aug-1996,3577.3,1664.9,746.1,888.9,1363.3,1145.7,9386.1,3526.5,1717.5,793.5,972.3,1386.6,1147.5,9543.9,3535.0,1704.6,790.0,963.3,1384.0,1140.6,9517.0
Sep-1996,3377.2,1583.8,739.9,833.7,1317.4,1104.9,8956.8,3549.9,1666.0,785.7,949.2,1368.9,1129.0,9448.8,3546.0,1703.0,789.1,960.2,1382.2,1127.5,9507.1
Oct-1996,3648.3,1740.4,806.1,933.7,1404.8,1142.2,9675.6,3552.4,1705.6,787.7,938.9,1386.4,1112.2,9483.3,3557.3,1703.2,787.8,961.9,1384.5,1119.0,9512.9
Nov-1996,3649.2,1798.7,808.0,1081.6,1463.1,1129.4,9930.1,3578.0,1701.9,774.2,974.1,1387.7,1107.3,9523.2,3571.0,1702.5,786.5,967.9,1391.0,1117.2,9540.8
Dec-1996,4034.4,2296.1,1148.8,1837.6,1975.8,1230.8,12523.5,3564.2,1717.3,788.7,983.1,1408.8,1107.4,9569.5,3586.1,1705.4,787.9,976.2,1402.1,1121.3,9588.3
Jan-1997,3688.2,1686.0,777.1,840.9,1344.2,1180.1,9516.5,3612.6,1699.8,802.6,973.2,1402.2,1143.3,9633.8,3602.9,1711.8,789.6,982.0,1414.7,1131.2,9644.4
Feb-1997,3363.0,1576.9,639.8,727.4,1269.3,1059.5,8636.0,3620.8,1782.6,791.0,1015.8,1440.7,1152.2,9803.0,3614.6,1718.6,792.7,982.9,1428.6,1143.2,9694.6
Mar-1997,3676.9,1608.8,700.9,857.9,1332.5,1148.0,9325.0,3648.1,1739.0,793.6,981.7,1444.5,1157.9,9764.8,3625.9,1723.2,795.7,978.5,1440.6,1154.9,9731.8
Apr-1997,3480.1,1610.8,775.5,849.0,1364.4,1141.3,9221.1,3600.6,1709.3,786.1,943.7,1447.5,1155.3,9642.5,3632.9,1727.7,798.2,972.6,1452.3,1164.7,9759.4
May-1997,3682.6,1712.9,845.3,994.8,1413.2,1170.3,9819.1,3644.1,1742.7,817.9,984.1,1462.4,1174.1,9825.3,3640.1,1730.9,800.7,970.0,1463.0,1171.7,9785.2
Jun-1997,3414.8,1664.3,749.4,830.2,1344.5,1113.5,9116.7,3667.9,1736.2,797.4,941.5,1471.0,1179.4,9793.3,3646.3,1732.6,801.8,973.3,1472.2,1175.3,9816.4
Jul-1997,3652.3,1698.0,791.7,971.1,1441.7,1164.6,9719.3,3678.6,1736.3,806.8,1001.9,1481.7,1172.5,9877.8,3693.3,1734.6,804.7,980.4,1481.9,1177.0,9856.9
Aug-1997,3669.0,1662.9,740.1,836.0,1443.5,1173.3,9524.8,3702.9,1732.5,802.1,981.0,1489.8,1186.6,9894.7,3708.2,1737.9,809.0,989.3,1489.0,1177.4,9906.8
Sep-1997,3585.7,1678.9,777.5,939.1,1461.3,1154.1,9596.6,3729.4,1739.9,811.8,1019.1,1497.8,1172.6,9970.5,3729.9,1747.3,815.4,997.6,1494.1,1176.4,9960.1
Oct-1997,3879.4,1811.1,841.7,976.9,1523.2,1204.8,10237.0,3742.5,1755.0,820.7,999.1,1497.1,1163.5,9977.8,3752.0,1759.0,820.3,1002.0,1497.1,1173.1,10006.4
Nov-1997,3794.0,1835.5,863.6,1111.3,1552.9,1183.7,10340.9,3783.5,1777.1,837.5,996.5,1499.6,1174.5,10068.6,3774.3,1776.1,826.8,1003.9,1499.7,1167.3,10042.4
Dec-1997,4339.8,2418.4,1231.1,1879.1,2143.1,1306.7,13318.2,3789.7,1790.7,831.9,990.1,1496.6,1173.2,10072.2,3791.4,1793.4,830.0,1005.8,1500.9,1161.2,10068.7
Jan-1998,3973.8,1724.9,803.2,917.3,1437.6,1185.9,10042.7,3870.3,1742.6,828.9,1027.4,1507.6,1152.2,10129.1,3841.9,1726.9,834.0,1005.3,1502.6,1155.5,10082.5
Feb-1998,3571.6,1531.3,681.0,716.2,1322.4,1050.0,8872.4,3849.5,1730.5,844.5,1003.5,1504.0,1145.1,10077.1,3852.3,1737.2,839.5,1004.5,1503.6,1153.6,10091.6
Mar-1998,3799.6,1660.0,749.7,822.9,1402.3,1141.1,9575.7,3850.0,1739.5,832.9,993.1,1497.7,1148.3,10061.5,3865.9,1737.5,847.1,1004.0,1505.0,1154.0,10103.9
Apr-1998,3832.3,1602.0,829.8,970.1,1415.8,1106.7,9756.6,3857.9,1747.1,856.1,1023.5,1515.3,1119.6,10119.4,3883.3,1734.7,856.6,1005.2,1506.2,1128.3,10126.6
May-1998,3882.4,1677.0,894.0,970.2,1432.9,1144.2,10000.6,3914.1,1726.8,876.9,1003.7,1502.1,1153.1,10176.7,3904.1,1735.1,871.4,1007.6,1510.6,1136.2,10164.9
Jun-1998,3705.2,1668.8,835.0,849.4,1409.5,1088.2,9556.1,3957.8,1726.7,879.4,955.6,1523.1,1147.4,10190.0,3932.4,1730.3,883.2,1012.0,1516.0,1147.2,10220.3
Jul-1998,3951.3,1699.6,888.2,1042.3,1481.7,1162.2,10225.4,3940.9,1717.7,903.1,1080.3,1514.4,1156.8,10313.2,3960.2,1725.2,894.2,1016.4,1521.9,1158.6,10276.3
Aug-1998,3888.9,1649.9,822.5,869.9,1459.4,1144.8,9835.4,3987.9,1730.1,903.2,1015.4,1519.9,1162.0,10318.5,3986.3,1723.6,901.7,1020.9,1528.4,1168.4,10326.1
Sep-1998,3897.8,1685.0,869.3,939.4,1518.7,1149.5,10059.8,4014.4,1733.5,901.0,1020.9,1549.7,1168.3,10387.8,4008.3,1723.1,902.2,1025.0,1533.4,1176.9,10369.9
Oct-1998,4213.3,1783.6,928.8,1021.3,1567.9,1258.6,10773.4,4050.1,1735.5,906.4,1015.8,1550.6,1215.1,10473.6,4032.4,1724.7,902.5,1030.3,1540.3,1184.8,10416.3
Nov-1998,4003.3,1776.0,925.5,1137.7,1599.4,1200.8,10642.7,4050.1,1705.9,901.3,1041.0,1545.6,1191.2,10435.1,4056.4,1740.4,901.9,1036.3,1547.2,1192.6,10473.6
Dec-1998,4690.1,2323.2,1348.5,1975.7,2189.7,1310.2,13837.5,4023.9,1739.6,898.3,1014.5,1522.6,1173.0,10371.9,4086.5,1756.2,905.9,1042.2,1555.4,1201.6,10545.7
Jan-1999,4218.6,1775.4,866.6,942.0,1490.5,1244.0,10537.1,4164.3,1798.1,906.4,1094.0,1583.2,1222.5,10768.5,4118.2,1778.5,910.9,1047.0,1568.9,1213.8,10630.7
Feb-1999,3844.3,1597.2,736.7,738.4,1389.2,1124.4,9430.1,4146.6,1805.0,916.4,1037.1,1583.6,1229.5,10718.2,4143.1,1803.9,923.7,1048.6,1582.2,1228.9,10716.0
Mar-1999,4250.9,1733.6,864.4,903.2,1542.5,1245.4,10540.0,4190.6,1780.8,940.1,1055.4,1598.3,1234.8,10800.1,4164.3,1821.1,933.7,1045.1,1595.2,1243.2,10787.6
Apr-1999,4091.1,1681.0,930.6,953.2,1498.9,1236.0,10390.7,4161.2,1844.7,966.5,1026.0,1618.0,1253.7,10870.0,4180.4,1835.4,941.0,1040.9,1604.8,1253.8,10843.9
May-1999,4079.0,1764.5,937.0,1011.2,1517.9,1271.4,10581.0,4187.2,1843.5,928.7,1043.8,1605.7,1289.2,10898.0,4193.7,1845.0,946.3,1039.6,1614.0,1258.2,10888.9
Jun-1999,3961.9,1779.0,915.5,894.4,1505.8,1208.0,10264.8,4200.1,1836.5,957.8,1020.9,1615.4,1277.0,10907.7,4206.0,1856.2,953.8,1043.5,1621.4,1258.0,10934.5
Jul-1999,4239.4,1817.4,913.3,1054.5,1581.0,1219.2,10824.9,4216.8,1849.5,934.2,1056.1,1621.4,1212.1,10890.1,4221.0,1877.1,955.4,1051.8,1629.3,1257.7,10993.9
Aug-1999,4117.8,1830.7,888.6,899.5,1585.1,1233.6,10555.3,4252.0,1899.0,979.4,1075.3,1637.3,1250.4,11093.5,4242.0,1893.1,962.4,1062.0,1634.5,1260.8,11066.0
Sep-1999,4184.0,1894.3,939.6,1002.3,1627.4,1261.3,10908.9,4263.6,1946.1,973.3,1073.3,1662.0,1276.5,11194.9,4262.1,1915.8,969.0,1070.2,1638.4,1267.0,11131.3
Oct-1999,4373.6,2000.7,982.2,1043.7,1622.2,1314.4,11336.8,4270.6,1950.8,970.4,1076.7,1623.7,1274.5,11166.7,4282.2,1933.9,975.6,1074.8,1640.7,1276.1,11178.5
Nov-1999,4273.0,2037.0,1022.2,1207.2,1726.2,1318.3,11584.0,4301.1,1933.8,981.6,1073.2,1650.1,1308.8,11248.7,4298.3,1944.2,977.4,1075.2,1641.9,1285.6,11197.0
Dec-1999,5099.8,2568.3,1471.2,2069.6,2352.7,1455.3,15016.9,4323.5,1917.1,971.1,1072.0,1633.2,1284.4,11201.2,4308.8,1949.3,980.8,1073.6,1641.5,1291.3,11188.2
Jan-2000,4247.2,1924.7,903.4,924.9,1496.6,1297.4,10794.2,4251.2,1966.2,955.4,1071.8,1607.2,1290.7,11142.5,4249.4,1957.9,944.1,1072.6,1605.6,1292.8,11167.4
Feb-2000,4069.7,1813.6,764.5,798.2,1462.1,1206.7,10114.8,4252.1,1977.1,917.2,1082.2,1607.5,1282.1,11118.2,4253.2,1961.8,949.1,1073.4,1609.2,1292.3,11154.6
Mar-2000,4353.4,1919.9,877.4,901.9,1553.0,1324.6,10930.1,4248.5,1987.1,944.3,1055.9,1613.6,1306.8,11156.1,4258.4,1972.9,953.7,1076.7,1615.8,1292.8,11163.2
Apr-2000,4174.4,1769.8,905.7,1024.7,1482.8,1252.5,10609.9,4259.5,1957.2,951.5,1092.9,1621.9,1280.7,11163.7,4263.3,1983.1,958.1,1083.7,1623.3,1292.8,11194.1
May-2000,4161.7,1985.7,995.2,1052.3,1575.8,1282.1,11052.7,4260.5,2058.6,977.8,1097.9,1637.1,1296.5,11328.4,4271.8,1993.7,961.1,1094.6,1630.4,1293.3,11244.3
Jun-2000,4175.1,2346.3,1103.9,1165.5,1609.6,1274.7,11675.2,4345.7,2393.9,1147.0,1313.1,1716.6,1325.2,12241.6,4279.9,2004.4,964.3,1106.1,1639.1,1296.9,11304.0
Jul-2000,4221.2,1875.7,808.6,859.3,1522.5,1317.9,10605.2,4333.7,1946.7,852.9,886.4,1596.3,1327.4,10943.4,4371.5,2034.1,948.0,1120.3,1667.7,1342.7,11455.8
Aug-2000,4362.9,2013.1,853.0,1009.2,1623.6,1328.8,11190.6,4389.0,2062.9,924.8,1161.8,1644.4,1335.9,11518.8,4375.5,2047.5,950.5,1124.4,1673.7,1352.1,11506.9
Sep-2000,4315.6,2015.7,986.4,1054.6,1642.7,1432.4,11447.4,4387.1,2063.4,1018.5,1135.0,1685.0,1447.2,11736.2,4381.0,2059.3,955.1,1124.0,1678.6,1364.8,11557.1
Oct-2000,4384.7,2098.2,957.7,1070.4,1692.6,1460.8,11664.4,4378.0,2051.9,953.5,1117.6,1699.7,1426.4,11627.0,4394.7,2072.7,961.1,1122.3,1688.5,1380.6,11617.6
Nov-2000,4450.9,2213.3,1022.4,1232.5,1792.5,1416.3,12127.8,4389.8,2095.2,967.8,1080.3,1698.2,1398.5,11629.7,4417.2,2085.0,972.3,1122.5,1701.1,1401.8,11698.3
Dec-2000,5194.1,2776.0,1499.7,2177.5,2381.5,1538.6,15567.3,4479.1,2103.0,1001.5,1139.8,1684.6,1375.5,11783.5,4451.5,2101.5,983.8,1125.7,1718.2,1425.0,11801.3
Jan-2001,4486.2,2095.8,945.7,971.9,1641.7,1470.8,11612.2,4464.8,2112.9,988.4,1133.7,1737.7,1458.5,11896.0,4492.3,2116.9,992.8,1132.1,1735.2,1444.6,11918.1
Feb-2001,4221.3,1887.4,800.3,814.6,1563.5,1338.0,10625.2,4560.4,2140.6,994.2,1145.5,1785.4,1469.7,12095.8,4539.2,2134.8,1000.3,1141.2,1753.6,1460.5,12038.0
Mar-2001,4699.1,2063.2,945.4,1017.5,1694.1,1521.2,11940.5,4571.4,2148.6,1014.9,1163.5,1771.2,1506.8,12176.4,4579.5,2157.9,1009.2,1149.4,1769.9,1471.3,12149.8
Apr-2001,4497.1,1982.7,989.6,1039.2,1626.9,1441.3,11576.8,4638.8,2188.4,1051.0,1132.8,1773.6,1465.6,12250.2,4613.5,2182.6,1016.4,1151.4,1783.1,1476.7,12240.7
May-2001,4603.0,2118.3,1056.3,1123.5,1728.6,1446.1,12075.8,4645.1,2202.2,1034.9,1157.8,1784.2,1458.4,12282.6,4641.1,2208.0,1023.0,1147.2,1791.1,1478.7,12307.5
Jun-2001,4458.2,2205.1,989.3,1024.9,1674.2,1397.6,11749.3,4664.2,2263.8,1026.7,1146.1,1799.1,1465.9,12365.7,4668.3,2234.5,1026.9,1140.1,1794.3,1477.4,12356.8
Jul-2001,4532.8,2217.5,976.7,1100.8,1733.8,1477.4,12038.9,4675.9,2280.6,1037.9,1151.4,1807.2,1483.2,12436.1,4696.6,2256.2,1030.0,1135.4,1797.4,1474.0,12401.1
Aug-2001,4745.1,2253.1,947.1,963.0,1792.2,1504.6,12204.9,4724.5,2293.2,1025.0,1108.8,1802.0,1489.3,12442.7,4728.3,2279.3,1033.9,1135.6,1802.0,1471.4,12455.7
Sep-2001,4606.5,2188.7,985.1,1012.9,1718.8,1437.2,11949.3,4769.3,2273.4,1030.8,1116.3,1798.4,1473.8,12462.2,4765.6,2302.8,1042.0,1141.9,1808.3,1467.8,12529.8
Oct-2001,4863.1,2404.9,1079.5,1132.0,1829.9,1488.5,12797.9,4810.1,2330.2,1060.9,1164.7,1813.5,1447.7,12627.1,4804.6,2330.2,1054.9,1152.8,1816.8,1462.9,12621.3
Nov-2001,4941.5,2517.4,1128.2,1344.8,1944.2,1482.9,13359.0,4838.7,2349.3,1062.3,1177.6,1827.5,1449.2,12704.7,4846.1,2355.6,1070.7,1164.3,1828.0,1458.2,12721.9
Dec-2001,5543.0,3113.9,1616.1,2269.5,2589.6,1611.4,16743.5,4874.7,2388.7,1089.4,1195.0,1843.6,1459.2,12850.6,4881.1,2382.7,1087.5,1175.7,1844.5,1456.7,12827.6
Jan-2002,5044.6,2438.8,1072.6,1027.9,1769.9,1482.1,12836.0,4943.5,2454.1,1110.3,1174.0,1871.4,1465.7,13018.9,4907.3,2415.4,1101.4,1184.4,1864.0,1459.2,12932.7
Feb-2002,4559.4,2123.9,895.5,841.4,1642.5,1329.8,11392.4,4926.9,2416.1,1115.1,1179.9,1874.6,1462.1,12974.7,4931.1,2450.2,1109.4,1189.9,1884.1,1464.2,13028.5
Mar-2002,5098.2,2296.4,1016.1,1043.9,1795.0,1478.9,12728.5,4951.3,2445.8,1112.7,1185.6,1900.7,1473.3,13069.4,4953.0,2483.0,1110.7,1192.7,1900.5,1472.8,13112.4
Apr-2002,4747.6,2336.0,1058.2,1075.3,1778.3,1460.4,12455.8,4944.1,2525.0,1103.7,1190.7,1922.0,1487.0,13172.6,4978.3,2510.6,1107.5,1194.8,1918.3,1483.7,13190.4
May-2002,5028.5,2478.6,1139.2,1190.9,1898.8,1481.9,13217.9,5025.6,2568.5,1120.1,1241.5,1949.7,1476.5,13381.9,5004.3,2530.8,1103.0,1195.2,1930.8,1495.9,13261.2
Jun-2002,4716.1,2475.0,1029.5,1143.0,1762.1,1424.9,12550.6,5023.0,2566.8,1077.3,1167.1,1924.9,1513.4,13272.4,5036.7,2544.0,1101.6,1195.2,1940.8,1506.6,13325.7
Jul-2002,4971.5,2465.3,1033.3,1075.7,1870.2,1527.3,12943.3,5079.0,2521.0,1095.1,1201.5,1927.5,1527.1,13351.1,5067.6,2551.5,1109.4,1198.3,1945.9,1515.5,13388.6
Aug-2002,5145.5,2501.2,1050.6,1065.9,1946.9,1551.6,13261.7,5100.7,2546.3,1134.6,1192.3,1974.1,1537.3,13485.3,5103.9,2553.4,1121.1,1206.8,1945.2,1522.0,13452.5
Sep-2002,4912.5,2460.6,1079.0,1060.1,1880.9,1495.1,12888.3,5140.8,2547.0,1135.8,1211.1,1963.2,1527.9,13525.8,5133.6,2551.9,1134.7,1220.8,1946.4,1529.6,13517.1
Oct-2002,5283.5,2635.3,1170.0,1211.4,1942.0,1556.6,13798.9,5151.9,2544.1,1137.0,1221.1,1915.5,1504.9,13474.3,5163.7,2550.8,1146.6,1237.3,1945.9,1537.8,13581.8
Nov-2002,5300.6,2752.9,1250.2,1495.1,2047.7,1571.9,14418.4,5212.2,2575.9,1177.9,1304.8,1938.6,1547.1,13756.4,5190.3,2552.1,1155.3,1253.2,1946.6,1545.2,13642.2
Dec-2002,5862.1,3366.1,1730.9,2338.6,2769.7,1734.0,17801.4,5192.3,2569.8,1170.6,1266.8,1953.4,1571.2,13724.1,5216.3,2551.9,1160.1,1265.1,1948.8,1555.1,13698.5
Jan-2003,5402.8,2528.5,1108.8,1099.3,1876.5,1620.4,13636.3,5241.9,2534.2,1145.4,1257.6,1976.8,1587.0,13742.8,5234.3,2554.1,1163.4,1271.9,1958.3,1568.0,13750.1
Feb-2003,4861.0,2231.8,925.0,900.5,1727.3,1421.8,12067.5,5254.8,2546.2,1152.5,1256.8,1971.5,1564.8,13746.6,5253.2,2561.7,1166.8,1275.7,1967.5,1581.6,13806.4
Mar-2003,5280.2,2430.7,1072.8,1092.7,1839.2,1574.2,13289.7,5283.2,2574.9,1167.0,1282.1,1953.8,1583.2,13844.2,5266.8,2579.2,1172.3,1277.4,1981.4,1597.0,13871.5
Apr-2003,5171.5,2368.9,1144.4,1222.4,1851.6,1589.1,13347.9,5262.1,2606.8,1208.5,1297.7,2003.2,1617.1,13995.3,5275.5,2606.3,1176.5,1279.0,1997.2,1614.6,13948.8
May-2003,5316.3,2539.9,1188.2,1237.1,1958.4,1657.4,13897.3,5308.1,2643.8,1171.1,1280.7,2029.4,1659.6,14092.6,5285.8,2642.3,1180.3,1281.9,2018.5,1636.1,14042.8
Jun-2003,4895.4,2595.6,1130.4,1237.9,1870.4,1554.2,13284.0,5257.6,2678.5,1184.9,1284.5,2029.8,1639.9,14075.2,5295.1,2681.3,1186.6,1287.3,2044.5,1663.3,14158.4
Jul-2003,5296.9,2675.1,1130.1,1182.0,2021.9,1699.4,14005.4,5334.3,2730.0,1190.3,1280.2,2078.0,1691.7,14304.5,5316.2,2716.3,1193.4,1294.1,2075.1,1692.3,14288.3
Aug-2003,5286.8,2665.2,1097.2,1101.2,2045.1,1737.8,13933.3,5333.2,2737.2,1195.9,1297.0,2101.9,1731.4,14396.6,5343.8,2744.6,1203.1,1302.8,2106.8,1724.2,14430.2
Sep-2003,5192.1,2726.7,1166.3,1198.2,2063.2,1709.4,14055.9,5387.7,2781.7,1209.4,1313.9,2134.9,1751.0,14578.7,5379.0,2765.4,1214.9,1312.7,2132.3,1756.9,14576.0
Oct-2003,5583.9,2903.8,1270.2,1316.1,2236.2,1878.4,15188.7,5401.2,2784.2,1231.8,1338.2,2188.5,1790.0,14733.9,5423.2,2779.2,1229.4,1321.4,2188.0,1790.1,14716.8
Nov-2003,5498.8,2948.3,1319.3,1528.2,2322.0,1838.4,15455.0,5481.9,2785.7,1251.9,1343.9,2227.7,1824.8,14916.1,5467.4,2795.0,1239.3,1326.6,2195.7,1821.5,14839.7
Dec-2003,6269.7,3650.5,1854.6,2424.2,3137.1,2048.3,19384.4,5498.6,2781.5,1251.6,1308.4,2199.0,1846.6,14885.7,5513.0,2808.0,1244.6,1328.4,2192.8,1848.1,14934.0
Jan-2004,5769.9,2829.9,1217.0,1182.9,2039.8,1895.2,14934.7,5586.4,2831.7,1248.7,1325.7,2165.4,1871.6,15029.5,5551.3,2820.1,1247.3,1329.6,2187.1,1867.1,15003.9
Feb-2004,5311.8,2545.4,1033.1,989.8,1942.6,1765.8,13588.5,5588.0,2826.2,1250.7,1339.9,2150.7,1883.3,15038.8,5589.5,2831.3,1249.6,1333.6,2179.9,1878.2,15062.8
Mar-2004,5602.4,2746.3,1130.9,1131.4,2117.1,1872.8,14600.9,5603.0,2891.4,1227.3,1328.8,2215.7,1883.0,15149.2,5622.1,2839.1,1248.4,1342.1,2179.4,1880.2,15114.6
Apr-2004,5627.7,2569.2,1190.7,1277.1,2013.5,1873.7,14552.0,5635.2,2820.8,1254.4,1356.1,2169.0,1880.5,15116.0,5650.2,2844.5,1259.6,1354.9,2186.4,1877.8,15171.0
May-2004,5542.3,2675.2,1265.6,1280.3,2075.5,1846.2,14685.1,5675.8,2827.3,1272.1,1373.1,2190.2,1869.8,15208.3,5677.2,2848.8,1271.8,1369.7,2200.0,1872.5,15236.8
Jun-2004,5406.3,2793.8,1261.2,1384.1,2075.0,1758.5,14679.0,5747.8,2855.5,1300.0,1385.0,2221.8,1856.7,15366.9,5695.5,2857.5,1284.3,1383.8,2216.2,1867.3,15308.1
Jul-2004,5722.7,2843.3,1233.3,1305.9,2171.6,1878.2,15154.9,5689.8,2885.4,1293.8,1397.3,2235.4,1853.6,15355.3,5710.1,2874.8,1291.2,1392.9,2229.8,1863.5,15375.1
Aug-2004,5569.3,2798.1,1185.0,1166.8,2162.3,1850.1,14731.7,5702.9,2875.6,1290.2,1391.3,2225.7,1861.9,15347.6,5719.2,2896.8,1294.4,1395.6,2244.2,1858.0,15426.5
Sep-2004,5622.8,2848.0,1272.5,1317.9,2221.4,1921.5,15204.1,5739.5,2923.6,1308.3,1410.6,2282.8,1948.9,15613.8,5727.5,2922.4,1294.8,1392.6,2251.4,1851.9,15455.9
Oct-2004,5819.7,3078.3,1324.9,1358.3,2273.3,1914.5,15769.1,5701.8,2971.0,1288.4,1394.7,2262.9,1839.8,15458.5,5726.1,2945.2,1295.1,1390.2,2252.8,1841.5,15470.3
Nov-2004,5753.4,3185.1,1349.9,1536.7,2352.9,1839.9,16017.9,5744.6,2976.2,1280.1,1380.2,2232.2,1821.7,15434.9,5730.5,2961.4,1297.2,1390.9,2250.4,1830.8,15473.7
Dec-2004,6753.1,3877.3,1915.2,2500.8,3209.8,2041.9,20298.1,5800.8,2941.1,1294.1,1343.8,2232.6,1816.5,15428.9,5732.2,2975.9,1300.5,1393.4,2245.2,1819.8,15471.7
Jan-2005,5710.3,2963.1,1273.7,1246.3,2074.7,1798.7,15066.7,5658.8,2996.1,1327.2,1419.5,2235.7,1801.8,15439.1,5743.9,2985.7,1306.7,1396.3,2235.6,1811.8,15472.0
Feb-2005,5336.4,2622.9,1055.6,1037.3,1979.9,1661.2,13693.5,5763.3,3001.4,1309.7,1429.8,2249.0,1830.2,15583.4,5753.7,2992.9,1311.4,1398.4,2231.9,1809.2,15480.9
Mar-2005,5936.5,2782.9,1210.4,1300.8,2117.9,1780.3,15128.9,5766.1,2998.5,1322.7,1436.5,2217.3,1798.0,15539.1,5774.2,3001.2,1318.4,1399.4,2227.2,1811.9,15506.8
Apr-2005,5710.9,2787.4,1221.3,1153.7,2060.3,1809.0,14742.6,5843.5,2994.7,1270.1,1266.2,2220.9,1811.5,15407.0,5806.5,3010.7,1321.7,1399.9,2219.6,1816.1,15550.1
May-2005,5661.0,2879.3,1308.9,1264.2,2098.2,1788.9,15000.6,5827.1,3030.2,1320.2,1387.4,2206.3,1820.2,15591.4,5850.4,3020.7,1323.0,1399.7,2210.6,1820.8,15601.5
Jun-2005,5582.8,2969.3,1310.1,1454.2,2074.5,1768.9,15159.8,5875.2,3031.9,1342.8,1422.6,2213.4,1846.4,15732.3,5897.6,3026.2,1326.7,1399.3,2196.7,1827.3,15658.2
Jul-2005,5888.5,2964.4,1237.2,1290.1,2090.0,1869.0,15339.3,5941.5,3022.5,1309.8,1403.0,2177.0,1851.9,15705.6,5944.2,3029.5,1328.5,1398.2,2182.2,1838.3,15713.3
Aug-2005,5929.6,2984.4,1235.8,1210.7,2125.1,1813.4,15299.0,6020.9,3053.8,1335.7,1411.8,2175.1,1813.2,15810.5,5979.8,3031.7,1330.9,1394.3,2167.9,1855.1,15760.4
Sep-2005,5931.4,2971.0,1315.5,1277.8,2094.3,1845.8,15436.0,6027.6,3027.1,1344.2,1390.6,2151.7,1862.4,15803.7,6008.7,3033.6,1333.7,1386.2,2160.3,1873.4,15799.1
Oct-2005,6100.1,3099.2,1368.8,1314.4,2142.3,1978.1,16002.8,6028.2,3013.9,1333.2,1358.4,2147.8,1911.8,15793.2,6031.9,3037.9,1332.2,1376.0,2160.6,1892.9,15833.4
Nov-2005,6071.2,3252.9,1400.9,1540.4,2290.4,1965.0,16520.8,6031.8,3044.6,1329.4,1366.1,2162.7,1936.9,15871.6,6051.6,3045.6,1332.4,1370.0,2168.8,1910.6,15880.4
Dec-2005,7083.5,4088.1,1958.3,2536.0,3136.2,2152.8,20955.0,6061.1,3081.9,1321.3,1357.4,2187.7,1925.1,15934.5,6079.6,3056.5,1335.1,1372.6,2184.2,1927.1,15953.4
Jan-2006,6113.6,3036.0,1289.2,1193.7,2068.4,1913.8,15614.7,6105.8,3061.3,1347.7,1372.1,2218.4,1937.9,16043.1,6114.7,3071.3,1338.5,1381.2,2204.2,1940.8,16051.8
Feb-2006,5704.1,2692.5,1084.3,1037.7,1962.4,1750.1,14231.0,6165.0,3089.7,1344.5,1427.2,2228.4,1929.0,16183.8,6160.3,3092.9,1343.9,1391.7,2226.0,1955.2,16168.9
Mar-2006,6335.1,2953.4,1242.8,1204.5,2149.1,1983.8,15868.7,6233.1,3111.2,1344.9,1384.2,2221.8,1967.3,16262.5,6210.0,3115.5,1350.5,1401.9,2245.8,1971.3,16294.4
Apr-2006,6139.3,2804.1,1290.5,1348.6,2070.2,1966.5,15619.2,6250.4,3125.2,1370.3,1431.8,2279.1,2000.2,16457.0,6256.1,3138.7,1359.5,1407.1,2263.4,1990.1,16412.4
May-2006,6133.3,3026.2,1349.0,1267.6,2177.8,2005.1,15959.0,6288.2,3186.3,1361.9,1378.2,2275.8,2029.4,16519.7,6293.8,3161.1,1368.9,1405.9,2276.4,2008.6,16517.5
Jun-2006,6071.6,3148.2,1346.9,1429.0,2167.3,1943.6,16106.6,6354.3,3179.9,1378.5,1413.6,2303.5,2015.8,16645.6,6331.6,3187.2,1379.8,1400.7,2287.4,2025.1,16610.8
Jul-2006,6197.4,3120.4,1304.0,1412.0,2161.5,2019.2,16214.5,6350.6,3220.9,1385.3,1406.5,2280.9,2032.5,16676.7,6364.9,3207.5,1391.8,1395.7,2295.4,2035.3,16692.6
Aug-2006,6368.5,3150.1,1324.9,1239.2,2275.9,2043.2,16401.9,6385.5,3200.3,1405.4,1406.3,2307.8,2038.1,16743.3,6399.4,3225.4,1401.7,1394.9,2302.4,2041.6,16765.9
Sep-2006,6296.9,3196.1,1384.2,1219.1,2213.6,2038.7,16348.7,6434.8,3261.7,1419.1,1343.0,2297.5,2059.9,16816.0,6438.0,3236.8,1409.1,1398.1,2307.2,2045.9,16835.7
Oct-2006,6567.2,3346.8,1464.3,1344.6,2319.4,2113.3,17155.7,6518.1,3256.8,1425.4,1424.3,2311.4,2054.5,16990.5,6478.7,3255.7,1413.5,1406.8,2311.2,2053.2,16917.3
Nov-2006,6614.2,3494.0,1486.1,1623.3,2473.4,2109.4,17800.4,6494.4,3284.0,1406.9,1432.6,2325.6,2057.9,17001.5,6518.5,3280.8,1418.5,1420.8,2317.1,2067.1,17022.3
Dec-2006,7569.8,4301.3,2056.6,2611.1,3306.8,2297.3,22142.8,6550.9,3254.9,1412.1,1444.2,2328.6,2059.1,17049.6,6564.9,3312.2,1421.0,1436.4,2322.2,2085.2,17142.8
Jan-2007,6638.4,3332.3,1354.6,1267.3,2165.5,2097.1,16855.2,6608.6,3347.9,1419.9,1435.4,2307.4,2117.5,17236.7,6609.8,3347.6,1427.9,1451.0,2325.6,2108.5,17266.9
Feb-2007,6172.9,2963.4,1165.0,1047.0,2044.0,1939.0,15331.4,6673.1,3414.0,1442.5,1450.1,2322.7,2138.0,17440.4,6654.8,3375.7,1435.2,1460.9,2323.7,2133.2,17384.6
Mar-2007,6863.0,3283.3,1368.3,1331.6,2279.5,2191.9,17317.7,6706.1,3444.9,1465.1,1519.2,2354.6,2174.6,17664.5,6705.8,3393.1,1444.6,1465.8,2322.7,2156.5,17491.8
Apr-2007,6600.0,3010.1,1359.1,1302.6,2108.5,2134.0,16514.4,6764.5,3379.8,1456.1,1436.4,2328.7,2176.5,17542.0,6757.9,3408.2,1455.1,1467.9,2327.7,2176.2,17592.8
May-2007,6691.7,3239.8,1430.3,1365.1,2228.1,2145.5,17100.4,6792.3,3398.3,1416.6,1461.8,2304.9,2169.8,17543.7,6813.7,3418.6,1464.2,1470.8,2337.2,2190.4,17695.1
Jun-2007,6518.0,3399.0,1461.5,1491.5,2180.3,2133.8,17184.1,6862.8,3419.2,1503.1,1482.7,2338.2,2211.9,17818.0,6875.6,3429.2,1480.3,1474.2,2355.7,2199.1,17805.8
Jul-2007,6751.1,3333.5,1427.6,1462.3,2284.2,2178.4,17437.0,6944.0,3432.2,1510.6,1473.3,2396.7,2202.4,17959.2,6929.7,3448.3,1491.9,1479.6,2378.1,2205.6,17933.8
Aug-2007,7001.1,3433.6,1406.8,1315.5,2386.6,2257.9,17801.5,6968.9,3475.2,1498.4,1490.7,2413.4,2215.9,18062.7,6986.6,3473.7,1503.6,1487.9,2407.5,2209.7,18075.3
Sep-2007,6847.4,3443.2,1459.1,1353.3,2321.0,2179.5,17603.5,7064.3,3545.7,1498.1,1499.1,2434.0,2218.1,18259.3,7026.3,3500.9,1512.6,1499.1,2433.8,2211.9,18210.0
Oct-2007,7144.7,3591.4,1561.1,1440.6,2535.3,2257.3,18530.4,7067.4,3494.2,1525.0,1509.6,2516.6,2183.4,18296.2,7062.4,3521.3,1520.0,1510.3,2510.2,2212.3,18316.1
Nov-2007,7250.0,3774.4,1617.8,1687.9,2692.3,2284.6,19307.1,7070.5,3530.0,1533.7,1517.1,2525.4,2224.4,18401.1,7082.2,3530.6,1520.9,1519.5,2532.9,2209.8,18384.2
Dec-2007,8154.3,4684.7,2204.2,2747.0,3582.4,2461.1,23833.7,7106.9,3550.4,1519.8,1528.4,2545.0,2222.5,18473.0,7090.1,3530.8,1523.0,1527.5,2547.9,2205.4,18426.9
Jan-2008,7206.3,3535.1,1461.1,1397.8,2437.1,2163.5,18201.0,7097.7,3531.5,1512.1,1541.2,2568.2,2183.8,18434.5,7099.0,3527.4,1522.5,1532.6,2558.9,2200.8,18449.0
Feb-2008,6787.8,3142.9,1278.1,1140.5,2355.5,2086.7,16791.4,7063.4,3498.4,1526.8,1539.6,2571.7,2208.4,18408.2,7112.2,3523.4,1519.8,1536.0,2569.6,2195.6,18457.1
Mar-2008,7315.8,3212.5,1353.9,1351.7,2414.5,2159.4,17807.9,7177.9,3521.8,1503.5,1517.6,2573.3,2178.9,18473.0,7128.5,3517.7,1516.0,1537.1,2579.2,2190.1,18465.4
Apr-2008,6882.6,3238.4,1486.7,1396.6,2390.5,2148.2,17543.0,7140.8,3507.4,1541.7,1553.4,2576.4,2179.2,18498.9,7166.1,3510.6,1514.4,1535.8,2586.2,2185.1,18479.0
May-2008,7163.6,3349.2,1541.9,1421.1,2530.9,2176.7,18183.5,7194.7,3503.4,1511.4,1519.0,2609.6,2183.4,18521.5,7206.8,3504.1,1508.8,1532.8,2588.0,2181.0,18497.4
Jun-2008,6761.8,3443.7,1402.5,1401.6,2378.4,2089.9,17477.9,7219.2,3502.0,1465.7,1431.3,2584.5,2190.3,18393.0,7248.9,3493.4,1505.9,1527.7,2587.3,2177.5,18519.8
Jul-2008,7240.5,3413.8,1460.4,1582.3,2521.7,2172.6,18391.2,7352.8,3493.8,1521.3,1545.6,2588.7,2179.3,18681.6,7293.5,3476.6,1506.6,1522.1,2592.1,2175.0,18544.9
Aug-2008,7355.4,3411.0,1419.4,1268.4,2540.0,2204.0,18198.2,7377.9,3458.3,1521.5,1471.7,2601.0,2172.5,18603.0,7336.4,3453.9,1508.5,1517.1,2594.7,2175.4,18575.1
Sep-2008,7095.7,3327.8,1468.3,1383.3,2485.9,2124.2,17885.2,7330.1,3406.9,1512.1,1536.4,2574.1,2161.0,18520.7,7376.4,3432.3,1512.1,1512.0,2604.4,2181.1,18620.0
Oct-2008,7642.8,3530.5,1547.4,1452.4,2668.9,2302.4,19144.5,7444.7,3431.6,1503.7,1503.4,2621.1,2199.6,18704.2,7481.8,3415.3,1516.4,1507.1,2609.5,2193.2,18690.5
Nov-2008,7630.1,3595.6,1594.1,1675.9,2740.0,2242.8,19478.5,7521.3,3388.7,1525.7,1493.3,2624.1,2208.2,18761.2,7539.9,3411.2,1523.3,1502.9,2628.7,2211.6,18787.6
Dec-2008,8784.9,4908.6,2308.7,2886.1,3816.6,2479.4,25184.3,7693.1,3676.6,1593.1,1618.7,2703.4,2245.6,19530.5,7601.9,3416.7,1530.9,1500.5,2649.6,2235.6,18905.7
Jan-2009,7985.3,3560.7,1543.2,1451.0,2525.9,2318.3,19384.5,7769.5,3548.3,1587.6,1585.9,2657.5,2316.8,19465.6,7663.2,3431.0,1539.8,1500.0,2666.6,2262.8,19033.3
Feb-2009,7151.3,2968.2,1259.1,1056.6,2349.1,2069.5,16853.8,7749.4,3455.4,1563.8,1473.5,2674.0,2295.9,19211.9,7720.0,3450.5,1548.7,1500.4,2684.4,2291.1,19157.3
Mar-2009,7832.4,3301.6,1518.6,1386.9,2585.3,2303.2,18927.9,7873.4,3522.3,1661.3,1628.7,2717.7,2315.6,19719.1,7759.3,3470.7,1554.7,1503.1,2699.0,2318.0,19264.3
Apr-2009,7710.6,3203.9,1579.8,1509.1,2519.0,2326.9,18849.3,7798.2,3564.0,1681.8,1615.1,2714.1,2371.0,19744.3,7787.8,3490.5,1563.7,1508.7,2710.3,2341.8,19354.7
May-2009,7763.2,3379.7,1709.3,1519.4,2624.2,2401.7,19397.5,7895.9,3560.8,1690.0,1633.2,2742.1,2418.4,19940.4,7803.8,3502.9,1571.1,1515.3,2715.7,2362.3,19426.9
Jun-2009,7399.3,3620.6,1568.0,1500.5,2551.6,2263.0,18902.9,7911.7,3645.2,1631.0,1530.0,2734.7,2381.0,19833.5,7818.1,3509.0,1580.8,1524.5,2715.6,2381.1,19490.7
Jul-2009,7725.6,3452.3,1514.7,1570.7,2682.3,2415.1,19360.6,7797.9,3529.2,1599.9,1544.0,2731.5,2390.7,19593.1,7838.1,3512.3,1593.0,1534.5,2712.0,2404.0,19561.2
Aug-2009,7807.5,3467.7,1498.2,1341.5,2595.8,2446.1,19156.7,7855.7,3526.5,1614.2,1560.9,2674.3,2427.7,19659.3,7863.0,3516.2,1602.8,1544.9,2705.9,2431.3,19650.1
Sep-2009,7635.8,3406.1,1537.2,1399.9,2620.5,2430.7,19030.3,7897.6,3476.0,1598.2,1529.5,2693.5,2454.0,19648.8,7895.8,3523.8,1610.5,1555.8,2707.8,2463.0,19752.7
Oct-2009,8109.7,3641.4,1631.4,1534.3,2775.7,2602.0,20294.6,7858.7,3514.7,1594.7,1583.7,2709.9,2492.8,19754.6,7921.9,3530.9,1611.5,1566.3,2716.9,2495.6,19848.2
Nov-2009,8204.0,3787.3,1692.5,1736.6,2849.8,2569.9,20840.1,8032.2,3585.3,1659.8,1588.9,2734.2,2534.2,20134.5,7937.4,3536.4,1617.5,1573.1,2727.3,2525.7,19921.6
Dec-2009,9249.0,4706.0,2493.6,2795.1,3817.7,2897.1,25958.5,7981.1,3533.1,1590.6,1537.7,2757.9,2590.6,19991.0,7942.7,3544.0,1612.8,1574.4,2740.3,2550.7,19969.3
Jan-2010,8093.4,3561.0,1545.9,1469.1,2601.3,2521.3,19792.0,7955.4,3568.5,1625.4,1606.3,2759.1,2538.8,20053.5,7946.2,3551.0,1608.7,1570.5,2751.8,2567.6,19995.2
Feb-2010,7243.1,3052.5,1273.6,1111.9,2426.4,2323.9,17431.5,7856.6,3556.9,1590.2,1553.7,2752.2,2582.5,19892.1,7952.6,3557.8,1605.6,1563.7,2758.3,2575.4,20013.8
Mar-2010,8017.8,3322.8,1452.3,1379.9,2709.9,2607.5,19490.3,7917.8,3501.0,1597.7,1568.0,2763.5,2590.4,19938.5,7970.6,3565.0,1607.2,1555.7,2761.0,2585.8,20044.7
Apr-2010,7835.6,3213.8,1507.5,1389.7,2549.6,2535.8,19032.0,8051.1,3607.4,1611.5,1529.3,2764.1,2597.7,20161.3,7998.3,3569.1,1612.9,1549.9,2769.2,2609.6,20106.8
May-2010,7887.6,3360.1,1653.6,1427.2,2633.7,2571.4,19533.6,8065.1,3571.5,1633.0,1536.0,2772.7,2622.0,20200.3,8030.1,3571.2,1624.6,1547.5,2780.7,2642.9,20195.8
Jun-2010,7527.9,3591.7,1558.6,1551.4,2604.6,2504.9,19339.1,8064.8,3617.9,1622.4,1556.0,2785.7,2631.1,20278.1,8055.5,3567.9,1636.1,1547.8,2800.6,2680.1,20285.1
Jul-2010,8044.4,3480.7,1579.0,1581.0,2765.1,2781.3,20231.6,8084.3,3538.2,1652.6,1553.9,2805.0,2752.0,20386.1,8066.4,3564.7,1639.5,1549.1,2818.0,2705.9,20347.0
Aug-2010,7924.7,3497.8,1511.0,1324.0,2803.4,2800.0,19860.8,8050.7,3538.3,1645.3,1557.2,2878.7,2772.3,20442.5,8064.0,3563.7,1642.3,1550.1,2834.4,2717.2,20376.3
Sep-2010,7855.4,3476.1,1610.1,1422.0,2809.9,2742.8,19916.3,8042.4,3542.2,1666.6,1553.3,2868.5,2755.6,20428.7,8065.2,3568.1,1634.6,1548.8,2848.9,2713.0,20380.8
Oct-2010,8239.5,3692.1,1594.6,1464.9,2854.1,2730.2,20575.4,8075.9,3582.3,1591.5,1527.3,2835.7,2625.5,20238.2,8084.3,3571.7,1627.3,1545.1,2857.5,2697.1,20376.5
Nov-2010,8288.1,3831.0,1656.3,1705.5,2998.3,2684.4,21163.7,8112.0,3597.0,1612.8,1558.3,2847.8,2643.8,20371.7,8121.9,3573.5,1613.5,1540.5,2859.6,2673.9,20380.8
Dec-2010,9491.8,4839.5,2546.8,2752.4,3947.6,3021.1,26599.2,8122.9,3645.1,1624.4,1518.9,2857.6,2679.1,20447.9,8166.5,3570.4,1605.7,1538.9,2864.1,2654.1,20405.7
Jan-2011,8403.6,3458.3,1499.0,1412.6,2692.0,2598.2,20063.7,8274.6,3496.0,1575.5,1547.4,2896.1,2645.6,20435.2,8214.3,3571.4,1604.4,1539.1,2876.1,2644.8,20451.2
Feb-2011,7649.6,3065.6,1291.8,1117.5,2563.6,2391.3,18079.3,8296.0,3571.7,1623.6,1564.6,2910.7,2668.3,20634.9,8250.3,3567.5,1610.4,1538.7,2895.1,2643.7,20506.1
Mar-2011,8285.0,3365.1,1478.2,1321.6,2835.0,2648.9,19933.8,8253.9,3565.1,1616.7,1508.8,2924.1,2645.3,20513.9,8278.9,3567.2,1614.9,1536.4,2919.0,2644.4,20560.0
Apr-2011,8211.3,3253.1,1549.9,1472.6,2747.2,2598.9,19833.0,8291.3,3617.0,1640.8,1572.3,2963.6,2648.9,20733.9,8302.6,3568.2,1610.5,1531.4,2943.7,2646.2,20608.9
May-2011,8059.0,3391.7,1626.1,1408.9,2798.4,2604.1,19888.1,8310.3,3594.7,1614.8,1531.0,2952.5,2650.9,20654.4,8330.8,3573.5,1603.7,1523.7,2976.4,2651.8,20656.9
Jun-2011,7878.3,3531.3,1545.9,1471.9,2791.4,2519.5,19738.3,8332.2,3567.2,1589.7,1471.3,2981.9,2649.0,20591.3,8362.5,3583.9,1586.2,1514.4,3001.0,2664.9,20711.8
Jul-2011,8315.2,3463.3,1456.2,1532.5,2950.6,2701.9,20419.6,8428.0,3537.6,1552.9,1523.8,3057.4,2677.7,20777.3,8394.8,3598.8,1571.6,1504.6,3018.8,2682.2,20773.8
Aug-2011,8360.3,3578.6,1420.7,1293.5,2995.6,2739.6,20388.3,8461.9,3627.5,1548.2,1503.4,3047.7,2706.9,20895.6,8427.6,3619.7,1560.9,1496.8,3037.1,2699.1,20839.4
Sep-2011,8274.2,3613.9,1500.0,1345.7,2997.8,2744.3,20475.9,8436.0,3650.6,1549.8,1489.5,3037.8,2724.4,20888.2,8452.7,3640.7,1559.4,1491.7,3041.9,2712.8,20898.8
Oct-2011,8606.3,3769.0,1566.6,1404.7,3022.4,2814.4,21183.4,8450.5,3675.4,1575.7,1480.5,3042.0,2741.2,20965.2,8467.0,3651.7,1568.4,1490.8,3044.2,2723.0,20945.5
Nov-2011,8569.9,3920.7,1612.0,1660.0,3317.5,2784.2,21864.2,8508.9,3675.2,1577.5,1495.3,3018.6,2732.3,21007.8,8475.0,3649.9,1582.1,1493.5,3045.2,2730.3,20977.8
Dec-2011,9936.0,4867.7,2577.1,2730.5,4267.6,3046.6,27425.4,8476.7,3668.8,1614.0,1500.0,3075.5,2704.3,21039.2,8483.3,3631.6,1595.8,1496.6,3050.2,2740.0,20998.9
Jan-2012,8534.8,3540.6,1536.3,1362.4,2826.0,2729.5,20529.6,8477.7,3557.0,1621.9,1500.8,3043.9,2763.3,20964.6,8502.1,3606.1,1607.2,1504.5,3062.8,2754.3,21035.1
Feb-2012,8119.1,3144.9,1308.8,1131.7,2810.8,2556.0,19071.2,8514.2,3549.6,1595.7,1519.6,3079.4,2770.3,21028.8,8528.2,3585.1,1620.5,1516.5,3078.7,2777.7,21105.7
Mar-2012,8736.6,3396.4,1511.5,1349.2,3035.1,2839.3,20868.1,8581.2,3590.6,1629.3,1526.6,3101.8,2813.5,21242.8,8566.1,3578.1,1634.2,1528.1,3093.2,2808.7,21207.8
Apr-2012,8399.2,3180.4,1517.7,1391.2,2803.0,2737.4,20028.9,8609.0,3581.1,1639.8,1517.6,3098.0,2831.4,21276.8,8608.0,3589.7,1644.7,1536.8,3108.7,2842.9,21329.4
May-2012,8450.7,3435.8,1695.7,1456.9,2997.2,2836.7,20873.1,8635.4,3623.3,1657.9,1548.3,3112.1,2875.9,21452.8,8653.6,3611.5,1656.9,1541.2,3113.7,2872.8,21452.6
Jun-2012,8269.7,3579.5,1647.6,1616.4,2980.1,2784.8,20878.1,8730.0,3617.2,1685.1,1614.2,3154.9,2911.3,21712.8,8701.9,3637.2,1664.5,1540.7,3114.7,2894.8,21553.4
Jul-2012,8500.4,3601.1,1546.9,1423.4,2960.6,2932.2,20964.6,8743.8,3679.5,1675.0,1460.8,3092.5,2921.3,21572.9,8744.2,3652.8,1666.0,1536.5,3110.5,2904.2,21613.6
Aug-2012,8787.9,3627.1,1531.4,1359.0,3083.9,2962.7,21352.0,8766.4,3653.8,1659.6,1543.1,3080.6,2895.4,21599.0,8779.8,3655.7,1657.6,1529.4,3101.9,2904.6,21629.4
Sep-2012,8582.8,3639.0,1565.6,1367.8,2999.1,2885.9,21040.2,8806.7,3704.3,1638.9,1525.5,3114.2,2894.8,21684.5,8809.2,3650.2,1650.1,1522.4,3094.6,2896.6,21623.6
Oct-2012,8982.0,3725.3,1619.9,1442.6,3113.9,2966.7,21850.4,8873.0,3617.8,1636.5,1521.4,3085.1,2886.1,21619.9,8835.6,3642.3,1647.1,1519.1,3090.7,2887.6,21622.3
Nov-2012,9048.5,3851.4,1682.8,1672.9,3451.5,2973.1,22680.2,8858.6,3582.7,1631.7,1517.3,3093.0,2884.3,21567.5,8863.9,3638.6,1649.2,1520.3,3089.8,2881.2,21641.3
Dec-2012,10262.1,4760.2,2615.7,2753.3,4107.5,3177.5,27676.4,8842.1,3634.8,1660.2,1527.8,3076.5,2868.6,21610.0,8894.9,3643.6,1651.0,1523.9,3093.4,2881.3,21688.1
Jan-2013,9067.6,3669.1,1613.2,1397.4,2913.7,2849.6,21510.6,8932.7,3668.3,1668.1,1495.5,3105.1,2870.3,21739.9,8927.1,3652.1,1654.3,1528.5,3104.7,2886.5,21753.4
Feb-2013,8264.8,3201.1,1348.1,1113.6,2764.4,2607.7,19299.8,8973.4,3706.8,1697.9,1566.1,3128.2,2915.8,21988.2,8958.2,3659.0,1657.5,1530.2,3117.5,2897.7,21819.7
Mar-2013,9272.0,3393.1,1448.8,1397.3,2975.3,2924.0,21410.5,9021.9,3667.1,1608.1,1536.5,3111.1,2919.4,21864.1,8983.4,3668.3,1656.8,1528.2,3126.6,2912.9,21878.6
Apr-2013,8614.9,3320.2,1578.0,1339.1,2895.3,2853.5,20601.1,9005.4,3653.0,1661.1,1503.4,3133.2,2919.1,21875.2,9010.0,3675.5,1664.0,1521.1,3128.6,2926.8,21926.2
May-2013,8876.5,3456.3,1718.0,1441.9,3086.8,2901.5,21481.0,9008.2,3667.9,1682.8,1523.8,3180.0,2940.5,22003.2,9033.4,3680.7,1675.1,1512.7,3128.0,2939.2,21967.0
Jun-2013,8516.9,3602.2,1641.1,1537.4,2873.9,2813.0,20984.5,9025.9,3661.0,1689.0,1538.0,3110.3,2970.5,21994.7,9055.5,3687.2,1692.7,1506.4,3125.4,2951.4,22017.9
Jul-2013,8855.8,3642.3,1592.9,1390.6,3024.2,2968.4,21474.2,9098.7,3729.9,1712.6,1427.4,3116.1,2959.7,22044.4,9078.4,3695.7,1720.7,1504.4,3127.6,2966.5,22092.5
Aug-2013,9188.1,3726.1,1618.4,1337.2,3089.2,3065.1,22024.0,9132.9,3742.7,1744.4,1513.6,3084.2,2985.7,22203.4,9104.8,3706.1,1747.9,1507.9,3137.3,2992.1,22197.6
Sep-2013,8839.1,3624.9,1676.6,1359.4,3063.1,2988.7,21551.9,9134.3,3708.6,1782.9,1559.5,3170.6,2996.4,22352.2,9136.0,3714.6,1771.6,1515.7,3163.9,3026.8,22328.4
Oct-2013,9338.4,3844.8,1791.4,1463.3,3240.5,3175.4,22853.7,9154.0,3689.2,1794.2,1520.8,3198.2,3073.3,22429.7,9167.9,3729.3,1787.6,1521.5,3192.9,3069.9,22471.2
Nov-2013,9345.9,3997.8,1879.7,1668.9,3668.3,3210.8,23771.3,9158.6,3734.7,1822.8,1507.7,3279.5,3128.0,22631.3,9201.0,3750.5,1793.8,1523.7,3221.8,3118.0,22617.5
Dec-2013,10856.4,4963.8,2761.9,2725.5,4293.3,3536.8,29137.6,9411.7,3785.8,1761.4,1524.1,3222.5,3170.0,22875.4,9401.1,3782.3,1791.6,1522.2,3246.4,3165.2,22900.0
Jan-2014,9701.6,3810.6,1718.2,1451.0,3070.1,3209.1,22960.6,9508.1,3822.4,1772.9,1533.1,3239.3,3223.6,23099.5,9420.6,3815.5,1784.5,1516.2,3260.9,3204.9,23000.5
Feb-2014,8667.9,3362.4,1416.4,1064.9,2903.6,2879.9,20295.0,9418.0,3872.8,1790.6,1502.5,3290.9,3217.7,23092.4,9442.6,3846.3,1774.0,1509.9,3266.2,3232.3,23068.6
Mar-2014,9524.6,3627.0,1609.5,1293.2,3099.9,3232.0,22386.2,9453.7,3882.9,1768.5,1479.2,3261.1,3261.1,23106.6,9461.3,3869.1,1762.0,1506.8,3266.5,3247.8,23113.6
Apr-2014,9223.9,3460.9,1656.5,1442.9,3009.6,3182.1,21975.8,9457.4,3872.6,1758.0,1537.3,3272.2,3262.4,23159.8,9481.2,3883.5,1752.9,1505.0,3264.1,3258.1,23150.0
May-2014,9386.0,3653.0,1780.5,1411.8,3160.5,3228.3,22620.1,9490.2,3859.4,1731.5,1495.5,3260.8,3266.4,23103.9,9510.0,3895.0,1748.8,1503.4,3270.7,3266.7,23195.6
Jun-2014,8977.5,3844.1,1680.8,1461.6,3029.7,3067.5,22061.3,9566.2,3920.0,1743.3,1484.3,3267.9,3242.7,23224.4,9548.1,3903.8,1751.3,1503.5,3278.8,3275.1,23261.3
Jul-2014,9393.3,3878.1,1649.0,1501.6,3179.3,3315.8,22917.2,9603.7,3935.9,1753.3,1540.9,3275.0,3294.9,23403.7,9594.7,3915.6,1754.9,1504.9,3291.7,3282.5,23343.2
Aug-2014,9582.4,3846.1,1604.1,1254.2,3260.7,3350.7,22898.2,9642.4,3923.2,1771.7,1477.4,3324.4,3298.1,23437.1,9639.7,3926.5,1766.3,1508.5,3300.6,3290.7,23429.5
Sep-2014,9353.8,4033.2,1691.2,1356.4,3262.1,3360.4,23057.2,9664.3,4081.2,1783.8,1521.0,3308.8,3323.1,23682.3,9673.5,4099.1,1778.0,1512.8,3303.4,3301.3,23665.5
Oct-2014,9964.4,4278.7,1791.5,1478.7,3417.8,3401.6,24332.7,9706.1,4115.5,1801.5,1513.9,3345.0,3289.9,23771.8,9698.7,4111.4,1790.1,1518.0,3307.4,3315.3,23743.3
Nov-2014,9911.1,4421.3,1821.0,1687.7,3577.5,3374.9,24793.5,9740.9,4139.4,1782.3,1529.8,3266.8,3318.9,23778.1,9723.7,4124.9,1802.6,1523.6,3315.5,3329.8,23819.9
Dec-2014,11271.6,5357.5,2907.0,2756.9,4440.3,3692.7,30425.9,9742.6,4117.9,1828.1,1527.7,3304.6,3327.8,23848.7,9741.0,4141.5,1819.0,1528.2,3323.7,3342.4,23896.9
Jan-2015,9955.4,4157.9,1796.2,1471.2,3152.6,3391.3,23924.6,9721.2,4150.8,1829.8,1550.0,3333.8,3390.4,23976.1,9760.2,4160.9,1834.8,1530.4,3336.9,3352.6,23976.5
Feb-2015,9020.0,3682.4,1456.2,1053.8,2999.9,3027.5,21239.9,9808.5,4227.3,1835.5,1491.2,3398.8,3383.8,24145.1,9778.6,4181.3,1849.2,1529.9,3351.7,3364.4,24055.3
Mar-2015,9926.5,3983.5,1702.0,1367.2,3243.1,3361.9,23584.2,9790.5,4188.9,1873.4,1560.7,3372.8,3340.4,24126.6,9800.0,4199.3,1862.0,1529.1,3365.5,3373.1,24131.3
Apr-2015,9538.0,3713.9,1793.4,1442.2,3058.8,3266.5,22812.9,9818.2,4197.6,1903.8,1535.1,3355.1,3378.8,24188.7,9827.0,4220.9,1872.3,1531.3,3377.0,3382.3,24206.3
May-2015,9707.1,3976.9,1891.2,1428.7,3214.7,3314.0,23532.6,9857.7,4230.8,1877.4,1520.9,3368.8,3372.7,24228.3,9848.9,4244.0,1875.5,1536.5,3390.4,3389.5,24283.6
Jun-2015,9217.8,4319.2,1774.7,1480.9,3243.5,3257.5,23293.5,9883.8,4301.5,1822.3,1512.3,3434.6,3424.0,24378.4,9870.8,4268.5,1874.9,1545.0,3407.0,3397.0,24366.9
Jul-2015,9718.0,4186.1,1788.5,1540.9,3337.2,3445.3,24015.9,9888.4,4282.2,1898.7,1586.9,3402.6,3419.2,24477.9,9895.6,4295.7,1876.1,1555.3,3433.6,3404.3,24458.8
Aug-2015,9834.8,4159.8,1697.1,1331.9,3379.5,3421.1,23824.2,9918.5,4325.2,1882.4,1590.0,3455.5,3394.3,24565.9,9926.6,4323.5,1878.1,1566.2,3454.4,3408.6,24558.0
Sep-2015,9645.8,4273.9,1790.1,1400.1,3454.5,3444.4,24008.9,9935.2,4345.9,1895.8,1544.1,3505.4,3412.7,24639.2,9961.4,4347.4,1884.8,1576.8,3471.1,3412.0,24655.6
Oct-2015,10319.2,4567.9,1888.5,1566.3,3579.5,3525.8,25447.3,10012.3,4366.2,1888.7,1593.5,3501.9,3398.2,24760.8,9995.5,4366.2,1893.6,1586.5,3491.6,3414.7,24746.1
Nov-2015,10128.5,4692.8,1915.6,1730.5,3824.9,3491.3,25783.5,10029.2,4387.2,1887.6,1591.5,3487.0,3430.8,24813.2,10027.4,4384.1,1905.5,1592.9,3504.9,3420.3,24832.3
Dec-2015,11731.2,5735.9,3079.9,2913.6,4642.5,3819.9,31923.0,10080.9,4400.9,1917.9,1594.8,3484.4,3432.7,24911.6,10049.4,4399.5,1918.5,1596.2,3516.6,3429.3,24909.1
Jan-2016,10244.9,4376.7,1875.7,1519.2,3304.9,3431.8,24753.1,10050.9,4400.3,1936.1,1612.0,3554.8,3444.0,24998.1,10060.2,4409.4,1932.2,1597.6,3529.6,3439.2,24973.0
Feb-2016,9556.9,3979.6,1598.7,1155.8,3257.0,3186.9,22734.9,10050.8,4399.0,1955.9,1592.4,3551.0,3441.3,24990.3,10060.1,4410.6,1950.4,1596.7,3548.0,3451.3,25017.9
Mar-2016,10354.0,4097.4,1780.6,1451.5,3398.6,3435.2,24517.3,10088.6,4443.8,1976.2,1587.6,3560.5,3463.0,25119.8,10055.8,4403.1,1964.0,1591.6,3569.3,3462.4,25043.8
Apr-2016,9727.9,4064.9,1924.6,1451.0,3355.8,3451.7,23975.9,10025.6,4417.5,1979.5,1582.6,3587.4,3493.6,25086.1,10062.8,4385.0,1970.9,1583.3,3587.7,3477.9,25063.2
May-2016,9815.2,4092.5,1926.7,1449.7,3428.5,3431.0,24143.5,10065.5,4335.3,1937.0,1569.6,3603.4,3489.0,24999.8,10071.5,4370.9,1979.4,1574.2,3596.1,3500.2,25095.1
Jun-2016,9516.5,4357.3,1967.1,1596.1,3414.4,3313.9,24165.3,10109.2,4357.4,2003.4,1584.7,3610.0,3506.6,25171.2,10097.9,4371.9,1987.0,1564.0,3600.9,3528.3,25152.0
Jul-2016,9928.5,4225.1,1876.1,1468.3,3492.7,3573.0,24563.7,10104.2,4342.7,2004.4,1538.9,3617.6,3548.3,25156.1,10136.8,4390.5,1991.9,1553.9,3607.1,3557.9,25238.4
Aug-2016,10041.9,4239.4,1806.3,1293.9,3562.3,3647.5,24591.3,10205.2,4398.1,1998.3,1545.0,3581.3,3610.1,25337.9,10183.9,4422.6,1997.3,1545.4,3616.2,3584.5,25348.1
Sep-2016,10005.7,4469.0,1896.8,1393.5,3602.3,3696.3,25063.6,10243.3,4510.0,2008.9,1539.1,3623.7,3625.2,25550.1,10235.2,4461.1,2002.2,1539.8,3620.7,3606.0,25464.5
Oct-2016,10482.6,4696.8,1937.8,1497.4,3643.2,3716.6,25974.6,10269.2,4540.0,1986.9,1538.9,3630.2,3626.6,25591.8,10286.7,4489.6,2005.9,1536.9,3624.9,3619.7,25564.5
Nov-2016,10435.7,4874.4,2057.1,1684.3,4051.1,3678.5,26781.1,10334.8,4513.1,1980.9,1526.3,3649.0,3602.2,25606.3,10329.1,4497.3,2007.9,1537.8,3631.3,3626.7,25632.1
Dec-2016,12230.1,5782.3,3330.5,2850.4,4859.6,4047.3,33100.2,10388.1,4442.0,2049.5,1551.9,3655.9,3623.7,25711.1,10365.7,4488.4,2007.7,1542.8,3641.4,3628.7,25671.4
Jan-2017,10431.5,4463.5,1939.7,1428.5,3421.5,3621.4,25306.2,10383.1,4500.6,2030.8,1555.6,3616.3,3642.0,25728.4,10387.2,4474.5,2005.1,1550.4,3648.6,3631.6,25698.7
Feb-2017,9574.6,3897.6,1558.9,1092.4,3230.8,3260.6,22615.0,10420.7,4452.2,1972.2,1544.7,3641.5,3646.6,25677.9,10405.2,4470.4,2001.9,1557.9,3659.5,3637.9,25734.2
Mar-2017,10510.3,4196.9,1826.7,1370.3,3590.4,3619.0,25113.5,10391.0,4442.4,1982.8,1547.1,3696.8,3629.1,25689.3,10418.4,4481.6,2002.2,1563.0,3676.2,3650.1,25789.2
Apr-2017,10274.1,3994.9,1885.8,1522.6,3338.8,3567.0,24583.1,10428.6,4481.6,2009.3,1608.6,3697.8,3655.7,25881.5,10424.3,4502.2,2006.9,1563.2,3696.3,3661.6,25854.8
May-2017,10189.7,4291.0,2024.2,1452.4,3577.3,3598.6,25133.2,10438.9,4545.1,2017.8,1553.2,3713.3,3676.7,25944.9,10436.2,4523.2,2009.4,1559.6,3718.7,3670.4,25915.0
Jun-2017,9857.6,4659.4,1988.3,1557.2,3560.8,3544.2,25167.5,10451.4,4591.8,2009.2,1548.0,3719.7,3695.9,26016.2,10446.7,4528.6,2015.7,1554.1,3727.6,3676.0,25951.5
Jul-2017,10272.8,4365.1,1896.4,1445.5,3600.7,3698.1,25278.6,10479.7,4533.9,2046.4,1542.8,3752.2,3704.3,26059.3,10460.6,4520.8,2021.0,1549.5,3727.2,3682.3,25965.2
Aug-2017,10363.7,4347.3,1839.3,1303.1,3710.9,3711.2,25275.4,10450.6,4495.5,2020.8,1525.9,3746.0,3655.4,25894.3,10487.6,4502.6,2022.4,1546.8,3722.2,3691.6,25970.1
Sep-2017,10307.9,4384.6,1891.6,1407.2,3627.8,3729.7,25348.7,10520.8,4456.0,2012.3,1558.9,3709.5,3679.6,25937.1,10520.8,4485.5,2022.0,1547.0,3716.6,3703.7,25992.0
Oct-2017,10710.9,4639.0,1948.2,1518.3,3709.6,3871.1,26397.1,10561.1,4452.5,2011.2,1568.2,3676.7,3730.2,25999.9,10563.8,4483.3,2024.1,1549.6,3717.0,3718.7,26048.3
Nov-2017,10780.7,5025.0,2139.4,1730.4,4203.7,3828.1,27707.3,10578.6,4598.4,2022.8,1539.9,3771.2,3748.5,26259.4,10607.1,4497.3,2030.9,1551.1,3718.8,3736.2,26138.3
Dec-2017,12552.1,5901.4,3297.7,2822.6,4890.3,4174.9,33639.0,10727.5,4583.2,2054.8,1555.5,3743.3,3760.0,26424.3,10652.7,4529.7,2034.9,1550.0,3728.4,3751.5,26243.6
Jan-2018,10713.3,4516.1,1967.4,1413.1,3587.3,3698.8,25896.0,10680.5,4580.6,2047.5,1546.1,3757.2,3754.5,26366.5,10695.7,4560.1,2047.1,1549.6,3741.0,3758.5,26345.6
Feb-2018,9833.2,4023.6,1632.2,1099.4,3334.5,3377.8,23300.7,10699.3,4588.2,2070.7,1549.4,3767.9,3778.5,26454.0,10730.0,4582.9,2056.5,1551.3,3749.9,3758.1,26427.4
Mar-2018,11188.4,4327.6,1884.8,1416.2,3651.9,3749.1,26218.0,10768.0,4568.2,2041.4,1550.1,3759.3,3735.8,26422.8,10760.7,4594.9,2065.0,1555.1,3755.4,3754.1,26489.9
Apr-2018,10354.1,4131.3,1913.2,1402.7,3402.6,3679.3,24883.3,10804.3,4611.7,2051.3,1542.5,3752.7,3775.0,26537.4,10795.3,4596.0,2071.6,1559.8,3770.4,3755.1,26546.3
May-2018,10645.2,4370.8,2123.9,1518.0,3629.7,3666.6,25954.1,10832.8,4596.7,2107.1,1594.7,3759.6,3721.2,26612.2,10824.7,4593.3,2080.6,1563.7,3782.5,3767.1,26614.2
Jun-2018,10268.2,4659.6,2099.3,1587.2,3611.7,3601.3,25827.2,10848.1,4604.8,2109.7,1575.6,3790.5,3776.0,26704.7,10856.2,4592.4,2092.8,1565.0,3808.9,3782.3,26692.7
Jul-2018,10604.4,4420.4,1918.7,1426.7,3721.4,3844.0,25935.6,10875.9,4562.0,2084.3,1541.4,3850.9,3807.6,26722.0,10884.0,4593.6,2098.7,1564.5,3831.1,3799.6,26774.8
Aug-2018,10852.2,4434.8,1919.5,1343.6,3882.2,3908.3,26340.6,10931.5,4587.5,2101.9,1559.6,3891.8,3852.9,26925.3,10914.2,4596.0,2101.1,1562.0,3860.5,3814.7,26848.1
Sep-2018,10713.8,4467.8,1915.4,1398.8,3704.7,3863.4,26063.9,10954.2,4597.0,2082.7,1564.2,3870.9,3846.2,26915.2,10952.4,4598.3,2102.8,1559.3,3876.8,3826.1,26916.3
Oct-2018,11126.1,4779.9,2082.5,1524.8,3965.3,3929.1,27407.7,10998.9,4644.3,2138.4,1567.8,3891.7,3809.7,27050.8,11003.8,4600.2,2104.3,1557.3,3883.8,3835.7,26986.6
Nov-2018,11214.7,5100.0,2268.7,1745.1,4346.5,3934.2,28609.2,10980.5,4587.1,2091.7,1540.2,3860.8,3791.1,26851.5,11063.9,4599.8,2108.9,1555.9,3889.9,3844.3,27059.6
Dec-2018,13037.6,5826.5,3351.8,2813.5,5053.1,4278.9,34361.4,11179.9,4573.4,2110.1,1567.8,3899.0,3884.6,27214.8,11122.6,4592.0,2114.1,1555.3,3887.9,3855.6,27128.0
Jan-2019,11253.8,4518.6,2027.6,1409.6,3711.7,3826.7,26748.0,11181.5,4589.7,2110.9,1545.6,3895.1,3885.5,27208.4,11171.7,4579.7,2121.5,1555.2,3890.5,3867.5,27186.6
Feb-2019,10308.6,4020.5,1690.8,1115.2,3458.1,3456.0,24049.2,11228.2,4578.4,2148.0,1568.1,3909.7,3874.7,27307.3,11207.3,4565.8,2127.0,1556.3,3894.9,3879.0,27230.6
Mar-2019,11405.1,4325.4,1970.6,1355.7,3706.7,3897.1,26660.6,11253.2,4565.2,2145.3,1538.6,3883.0,3905.7,27290.9,11221.4,4557.2,2136.0,1558.9,3905.1,3886.3,27262.0
Apr-2019,10964.8,4086.4,1996.7,1474.6,3606.5,3808.2,25937.2,11186.6,4517.6,2123.9,1567.5,3907.0,3868.2,27170.9,11213.0,4556.5,2146.2,1561.8,3915.6,3887.2,27285.2
May-2019,11024.2,4345.5,2167.9,1512.0,3829.4,3829.0,26708.0,11219.7,4564.1,2149.3,1578.6,3931.0,3871.6,27314.5,11210.0,4563.7,2157.7,1564.1,3934.3,3884.6,27316.1
Jun-2019,10587.6,4590.4,2134.9,1570.2,3722.7,3706.0,26311.9,11178.3,4581.7,2179.2,1568.4,3968.3,3903.1,27379.0,11212.4,4577.3,2167.7,1566.0,3957.4,3884.3,27360.6
Jul-2019,10950.7,4431.4,2005.3,1439.2,3873.3,3903.5,26603.4,11221.2,4607.0,2168.9,1551.0,3964.4,3887.1,27399.6,11225.2,4595.3,2176.4,1568.9,3974.4,3887.9,27427.0
Aug-2019,11296.5,4480.6,2030.1,1381.4,3969.8,3948.4,27106.8,11254.8,4617.2,2206.3,1578.3,3998.7,3888.5,27543.8,11254.8,4615.6,2183.0,1572.3,3983.4,3894.0,27507.0
Sep-2019,10949.5,4491.2,1981.3,1384.2,3853.6,3926.6,26586.5,11301.1,4625.5,2184.0,1572.3,4002.2,3898.0,27583.0,11304.3,4632.4,2188.8,1576.0,3988.7,3903.4,27590.9
Oct-2019,11569.3,4793.9,2126.9,1544.5,4069.3,4043.2,28147.1,11392.9,4646.7,2176.6,1578.2,3994.6,3903.7,27692.7,11363.5,4643.7,2188.2,1579.4,3983.8,3914.5,27668.6
Nov-2019,11648.2,5172.5,2404.0,1826.3,4408.9,4067.3,29527.1,11351.1,4650.3,2162.7,1596.1,3931.5,3944.2,27635.8,11427.7,4651.6,2183.4,1582.7,3977.1,3928.6,27737.6
Dec-2019,13310.8,6024.6,3474.3,2819.9,5191.2,4389.3,35210.2,11518.2,4680.9,2207.3,1589.7,3995.7,3951.4,27943.3,11490.4,4657.5,2174.2,1585.5,3963.8,3942.8,27800.8
Jan-2020,11574.1,4563.4,2086.8,1417.3,3789.7,3890.1,27321.3,11533.8,4653.5,2180.1,1566.5,3964.9,3959.3,27858.1,11538.2,4663.0,2159.4,1586.3,3960.7,3956.7,27863.4
Feb-2020,11072.4,4214.4,1718.2,1180.2,3629.8,3621.3,25436.2,11570.2,4640.2,2104.0,1590.2,3991.3,3951.4,27847.4,11576.3,4669.1,2143.7,1586.1,3959.3,3971.8,27932.2
Mar-2020,14319.2,4752.4,1452.4,1241.4,4395.4,3007.1,29167.9,14291.1,5003.7,1601.0,1424.5,4594.1,3016.6,29931.0,,,,,,,
Apr-2020,11662.1,4532.7,703.9,1177.0,3645.2,1907.9,23628.7,11858.5,5057.5,753.3,1244.7,3962.7,1952.8,24829.5,,,,,,,
May-2020,12518.8,5607.6,1740.7,1697.2,4131.3,2499.1,28194.7,12630.4,5863.5,1726.5,1757.1,4305.5,2525.0,28808.0,,,,,,,
Jun-2020,11952.6,5756.6,2055.3,1557.7,4142.6,3111.8,28576.6,12692.2,5676.3,2090.3,1566.5,4329.6,3239.4,29594.3,,,,,,,
Jul-2020,12697.8,5764.9,2104.2,1528.0,4467.8,3458.0,30020.7,12935.4,6002.1,2257.1,1631.8,4562.4,3410.7,30799.4,,,,,,,
Aug-2020,12773.5,5336.9,1798.0,1236.8,4204.6,3229.6,28579.5,12881.8,5589.3,1992.2,1467.4,4342.0,3215.8,29488.6,,,,,,,
Sep-2020,12382.0,5272.7,1821.5,1360.2,4170.9,3342.5,28349.8,12716.5,5366.4,1969.7,1477.8,4289.4,3299.3,29119.1,,,,,,,
Oct-2020,13049.3,5565.9,2083.7,1562.4,4462.9,3615.8,30340.0,12755.2,5376.9,2118.5,1590.5,4386.1,3479.7,29706.9,,,,,,,
Nov-2020,12786.8,6525.9,2757.6,2070.7,5172.7,3805.6,33119.3,12631.9,5912.4,2497.3,1830.8,4613.0,3710.5,31196.0,,,,,,,
Dec-2020,14756.9,7065.0,3868.9,3012.7,5939.5,4260.1,38903.2,12741.6,5546.1,2464.4,1703.1,4555.9,3871.9,30882.9,,,,,,,
Jan-2021,12825.2,5447.4,2237.5,1514.0,4300.6,3783.9,30108.5,12749.9,5577.3,2350.8,1680.4,4563.7,3868.6,30790.7,,,,,,,
Feb-2021,11378.5,4879.3,1872.8,1197.7,4008.5,3440.4,26777.2,12399.3,5541.1,2383.9,1672.0,4551.5,3865.1,30412.8,,,,,,,
Mar-2021,12565.1,5337.3,2297.3,1600.2,4491.2,4044.9,30336.0,12251.0,5515.5,2483.5,1786.6,4577.2,4007.9,30621.7,,,,,,,
Apr-2021,12001.6,5011.2,2387.6,1596.8,4252.1,4017.5,29266.9,12369.1,5623.7,2531.8,1711.4,4646.2,4104.6,30986.8,,,,,,,
May-2021,12334.8,5249.2,2519.6,1602.1,4468.0,4043.1,30216.8,12486.5,5537.5,2527.4,1668.7,4662.1,4105.8,30988.1,,,,,,,
Jun-2021,11949.2,5551.9,2265.2,1560.2,4410.4,3696.9,29433.8,12695.1,5492.4,2305.9,1569.9,4621.5,3857.7,30542.5,,,,,,,
Jul-2021,12811.6,5199.7,1841.5,1313.9,4558.3,3447.7,29172.7,12928.4,5417.2,1973.2,1396.8,4673.4,3400.7,29789.7,,,,,,,
Aug-2021,12994.5,5057.1,1471.6,1032.5,4593.1,3219.9,28368.7,13220.6,5257.2,1629.1,1218.2,4713.7,3181.0,29219.8,,,,,,,
Sep-2021,12768.9,5330.7,1616.5,1137.6,4678.1,3369.8,28901.7,13105.1,5472.6,1757.2,1236.3,4820.8,3340.9,29732.9,,,,,,,
Oct-2021,13259.0,5907.5,2173.8,1493.4,4959.2,3916.1,31709.1,13035.7,5725.6,2227.2,1529.5,4926.5,3778.0,31222.5,,,,,,,
Nov-2021,12722.8,7018.2,3241.0,2106.2,5860.2,4222.7,35171.1,12551.3,6264.4,2855.8,1848.5,5130.8,4096.6,32747.4,,,,,,,
Dec-2021,15255.2,7442.1,4136.7,2765.5,6683.3,4580.5,40863.3,13147.0,5844.2,2648.7,1570.1,5152.6,4158.6,32521.3,,,,,,,
Jan-2022,13372.0,5722.6,2371.1,1446.9,4952.1,3997.3,31862.0,13326.0,5917.1,2529.4,1620.5,5264.3,4137.5,32794.8,,,,,,,
Feb-2022,11886.0,5279.2,2205.5,1259.6,4583.2,3995.3,29208.8,12938.9,5991.5,2802.4,1748.0,5211.0,4481.1,33172.9,,,,,,,
Mar-2022,13090.0,5875.3,2608.7,1599.3,5103.4,4554.2,32830.9,12930.3,6167.1,2841.2,1805.8,5278.0,4539.4,33561.8,,,,,,,
Apr-2022,13070.3,5463.1,2767.8,1725.0,4898.5,4610.4,32535.1,13152.1,6064.4,2894.3,1810.3,5322.1,4681.7,33925.0,,,,,,,
May-2022,12932.2,5769.0,2873.4,1767.6,5195.9,4748.9,33287.1,13191.4,6034.5,2883.2,1841.8,5367.1,4761.7,34079.6,,,,,,,
Jun-2022,12499.6,6010.8,2868.6,1817.9,5166.2,4672.5,33035.5,13266.1,5998.2,2942.5,1838.0,5406.0,4911.1,34361.9,,,,,,,
Jul-2022,13205.7,5750.9,2775.1,1760.3,5295.1,5013.0,33800.0,13372.1,6013.1,2980.6,1881.6,5493.5,4965.5,34706.4,13379.0,6040.5,2957.5,1870.7,5414.8,4958.8,34644.2
Aug-2022,13310.4,5900.1,2687.7,1618.0,5282.3,5079.0,33877.5,13471.6,6117.9,2949.4,1891.6,5365.0,5020.7,34816.2,13489.4,6031.1,2972.2,1880.0,5412.9,5029.4,34830.7
Sep-2022,13328.8,5968.8,2773.0,1744.1,5256.2,5205.9,34276.8,13605.0,6062.5,2983.8,1886.4,5381.3,5089.7,35008.8,13598.4,6019.2,2977.2,1879.5,5400.7,5082.0,34971.0
Oct-2022,13930.9,6179.5,2872.5,1830.9,5413.9,5268.4,35496.2,13703.2,6025.5,2979.9,1889.1,5386.5,5135.6,35119.8,13705.7,5998.8,2974.2,1873.7,5386.0,5123.2,35071.3
Nov-2022,13839.2,6897.5,3462.8,2292.6,6113.2,5261.5,37866.8,13827.9,5921.7,3028.8,1857.2,5407.8,5151.2,35194.6,13806.0,5966.1,2967.2,1866.7,5372.2,5159.2,35141.8
Dec-2022,16471.7,7348.2,4490.6,3088.2,6899.8,5747.8,44046.3,13875.1,5928.5,2861.5,1819.3,5318.9,5169.2,34972.4,13888.5,5927.3,2962.9,1866.5,5365.9,5193.8,35205.0
Jan-2023,13919.6,5724.3,2794.1,1687.8,5112.4,5100.2,34338.4,13971.9,5872.6,2991.5,1894.4,5376.8,5236.6,35343.8,13949.4,5888.4,2964.4,1872.9,5367.7,5228.1,35269.2
Feb-2023,12838.4,5160.8,2339.8,1356.7,4728.3,4680.6,31104.6,13977.9,5864.8,2965.9,1873.0,5383.5,5249.0,35314.2,13988.8,5853.5,2969.1,1881.8,5373.8,5260.8,35326.4
Mar-2023,14199.2,5541.5,2722.9,1674.2,5193.6,5343.9,34675.4,14040.4,5837.5,2964.7,1888.1,5368.1,5326.5,35425.2,14008.1,5820.8,2973.5,1886.6,5378.0,5292.9,35359.9
Apr-2023,13806.0,5130.7,2837.2,1820.6,4850.1,5157.9,33602.6,14003.7,5791.0,3016.5,1930.3,5358.5,5303.6,35403.6,14011.4,5791.5,2977.0,1885.6,5382.5,5323.9,35371.9
May-2023,13707.4,5502.7,3005.5,1833.5,5350.0,5325.2,34724.2,13993.8,5766.5,2998.0,1910.1,5473.8,5351.7,35494.0,14006.1,5765.0,2976.9,1880.1,5386.0,5350.7,35364.7
Jun-2023,13266.7,5824.6,2876.4,1777.5,5145.1,5152.1,34042.4,14012.9,5735.1,2926.1,1790.7,5339.4,5347.9,35152.1,14006.3,5749.5,2976.3,1874.9,5388.9,5373.1,35369.0
Jul-2023,13796.7,5432.4,2729.5,1740.5,5165.8,5398.0,34263.0,14012.4,5733.7,2959.3,1874.0,5373.1,5408.2,35360.6,14018.2,5750.4,2976.0,1875.4,5392.5,5387.2,35399.7
Aug-2023,13857.4,5518.6,2732.5,1629.2,5307.7,5494.3,34539.7,13995.3,5732.8,2985.2,1884.7,5382.2,5413.2,35393.6,14044.3,5764.6,2974.7,1882.3,5399.8,5389.5,35455.3
Sep-2023,13858.4,5749.2,2812.7,1782.4,5298.0,5481.3,34981.9,14068.0,5830.9,3002.4,1926.1,5470.3,5383.4,35681.1,14078.8,5785.3,2971.8,1891.9,5411.8,5380.7,35520.4
Oct-2023,14268.5,5969.0,2854.3,1832.3,5471.7,5551.1,35946.9,14156.5,5746.3,2968.8,1891.7,5395.7,5364.1,35523.0,14117.3,5800.2,2969.7,1900.5,5427.6,5365.9,35581.2
Nov-2023,14296.6,6885.5,3455.2,2363.7,6184.4,5463.5,38649.0,14230.6,5919.7,3007.0,1918.7,5461.6,5371.5,35909.2,14151.4,5799.4,2968.1,1903.9,5446.7,5352.2,35621.7
Dec-2023,16634.0,7096.7,4450.6,3189.0,6951.0,5837.4,44158.6,14098.3,5744.5,2875.8,1890.0,5444.4,5267.8,35320.7,14182.1,5782.3,2966.8,1900.7,5469.0,5347.1,35648.1
Jan-2024,14188.2,5611.9,2757.7,1672.6,5285.4,5219.1,34734.9,14235.1,5757.8,2944.4,1878.5,5508.2,5364.8,35688.9,14213.4,5757.0,2967.7,1894.5,5494.7,5353.1,35680.3
Feb-2024,13546.5,5211.7,2521.7,1435.1,5049.2,4981.1,32745.3,14218.7,5731.5,3080.9,1902.8,5537.9,5393.0,35864.8,14248.4,5736.5,2971.7,1889.5,5525.8,5367.0,35738.9
Mar-2024,14838.6,5294.9,2667.2,1729.1,5228.6,5378.4,35136.7,14318.3,5677.1,2945.6,1883.8,5516.9,5387.3,35729.1,14291.2,5729.6,2977.0,1886.0,5560.4,5381.5,35825.7
Apr-2024,13749.8,5195.6,2807.9,1728.6,5213.8,5325.3,34020.9,14282.8,5722.7,2962.3,1893.6,5627.1,5404.5,35893.0,14341.7,5737.3,2982.3,1884.4,5594.9,5393.2,35933.8
May-2024,14189.2,5510.7,3021.8,1806.4,5535.7,5391.6,35455.4,14470.6,5799.8,2993.3,1878.3,5645.0,5401.8,36188.8,14392.9,5755.4,2986.7,1884.8,5627.6,5400.8,36048.3
Jun-2024,13699.6,5841.5,2917.2,1859.0,5333.5,5115.3,34766.2,14423.1,5803.4,2982.0,1876.5,5660.4,5401.4,36146.8,14439.0,5783.6,2992.8,1888.1,5664.0,5408.6,36170.3
Jul-2024,14115.7,5565.5,2770.6,1746.4,5539.6,5431.5,35169.4,14451.1,5815.7,2994.5,1889.6,5660.6,5397.9,36209.4,14475.6,5814.4,3001.1,1893.1,5700.6,5420.9,36297.3
Aug-2024,14593.1,5596.6,2812.4,1699.7,5673.8,5554.8,35930.3,14538.6,5797.2,3033.4,1916.9,5750.1,5442.0,36478.2,14504.9,5846.4,3013.0,1899.3,5736.4,5441.8,36441.8
Sep-2024,14066.0,5695.3,2779.8,1718.4,5527.0,5524.5,35311.2,14526.8,5849.3,3030.4,1901.7,5756.9,5481.8,36547.0,14528.1,5874.5,3024.4,1906.3,5768.0,5468.7,36589.9
Oct-2024,14705.8,6181.3,2925.5,1862.0,5977.0,5666.1,37317.8,14551.7,5941.9,3019.5,1920.2,5837.7,5478.8,36749.7,14555.2,5895.3,3034.8,1914.8,5793.6,5496.5,36734.9
Nov-2024,14871.4,7065.1,3582.2,2380.5,6617.6,5710.4,40227.1,14607.1,5981.1,3061.7,1914.2,5846.9,5556.5,36967.4,14594.7,5907.6,3045.6,1923.2,5814.0,5520.7,36870.8
Dec-2024,17040.3,7645.9,4582.3,3216.1,7345.0,6113.6,45943.1,14574.6,6160.3,3015.5,1918.6,5741.9,5516.7,36927.5,14647.4,5908.8,3054.0,1929.3,5828.0,5539.6,36979.9
Jan-2025,14691.2,5739.9,2904.1,1726.0,5670.4,5437.6,36169.3,14713.2,5910.6,3082.2,1938.6,5893.3,5569.3,37107.1,14707.2,5906.1,3060.6,1933.6,5842.0,5553.0,37067.2
Feb-2025,13589.6,5174.1,2457.1,1435.0,5122.6,4966.0,32744.3,14785.9,5894.9,3096.0,1964.4,5839.0,5570.5,37150.7,14770.3,5910.7,3068.2,1937.4,5863.2,5563.1,37156.9
Mar-2025,15149.9,5535.1,2809.2,1732.7,5567.2,5483.1,36277.1,14897.7,5902.2,3093.8,1950.0,5885.2,5536.7,37265.7,14829.2,5930.5,3077.3,1941.0,5893.1,5572.4,37263.5
Apr-2025,14530.8,5294.2,2816.1,1774.5,5476.2,5490.6,35382.3,14877.1,5953.7,3007.9,1895.4,5935.3,5600.3,37269.7,14881.2,5964.0,3088.4,1945.3,5928.4,5581.3,37389.5
May-2025,14747.0,5703.8,3167.1,1889.6,5797.0,5602.6,36907.1,14858.0,5990.7,3113.4,1951.1,5938.3,5606.1,37457.6,14928.1,6003.9,3101.7,1950.9,5966.0,5589.0,37526.9
Jun-2025,14095.0,6187.5,3065.3,1961.1,5750.7,5292.4,36351.9,14995.5,6129.0,3160.4,1987.7,6052.4,5581.6,37906.6,14973.3,6054.2,3119.3,1956.7,6008.6,5598.6,37676.3